Workbook

Sheet Wedge Scale
A1: Emission Gap Between BAU and Target Scenario
A3: Total GHG/year (MtCO2e) under 3 different scenarios in 2050
A4: Scenario | B4: Year 2050
A5: CPOS - Current Policy Scenario (BAU) | B5: 2454
A6: TRNS - Transititon Scenario | B6: 1526
A7: LCCP - Low Carbon Scenario Compatible with Paris Agreement Target | B7: 540
A9: Historical net GHG Emission (MtCO2e) for the period 2000 - 2019
A10: Source | B10: 2000 | C10: 2005 | D10: 2010 | E10: 2015 | F10: 2019 | G10: 2025 | H10: 2030 | I10: 2035 | J10: 2040 | K10: 2045 | L10: 2050
A11: Energy | B11: 305.29056 | C11: 377.18269 | D11: 454.9585 | E11: 549.95587 | F11: 655.56789
A12: Industry | B12: 39.80494 | C12: 39.01726 | D12: 31.55031 | E12: 47.84723 | F12: 58.68157
A13: Agriculture | B13: 107.18893 | C13: 110.13156 | D13: 108.08176 | E13: 128.04526 | F13: 126.65716
A14: Waste | B14: 59.22757 | C14: 71.10281 | D14: 88.65723 | E14: 99.69468 | F14: 128.10725
A15: LULUCF | B15: 342.99131 | C15: 709.68107 | D15: 529.52217 | E15: 1730.2759 | F15: 818.65399
A16: Total | B16: =SUM(B11:B15) -> 854.50331 | C16: =SUM(C11:C15) -> 1307.1154 | D16: =SUM(D11:D15) -> 1212.77 | E16: =SUM(E11:E15) -> 2555.8189 | F16: =SUM(F11:F15) -> 1787.6679
A17: CPOS | L17: 2454
A18: LCCP | L18: 540
A20: Rescaling Global Stabilisation Wedge
A22: Population Principle
A23: Using average of 2020 and 2050 population
A25: Indonesia Population 2020 & 2050 (Projection)
A26: 2020 | B26: 2050 | E26: Average
B27: Trend Scenario | C27: Optimist Scenario | D27: Moderate Scenario
A28: 269580000 | B28: 328930000 | C28: 337990000 | D28: 333570000 | E28: =AVERAGE(A28:B28) -> 299255000
A29: World Population 2020 & 2050 (Projection)
A30: 2020 | B30: 2050 | E30: Average
B31: Upper Limit | C31: Lower Limit | D31: Median
A32: 7887000764 | B32: 10200000000 | C32: 9400000000 | D32: =(B32+C32)/2 -> 9800000000 | E32: =AVERAGE(A32,D32) -> 8843500382
A34: GDP Principle (Sensitivity Analysis)
A35: Using GDP 2050 Projection (MER)
A36: Indonesia 2050 GDP (at constant 2016 US$bn) | B36: World 2050 GDP (at constant 2016 US$bn) | C36: Indonesia's GDP Share
A37: 7275 | B37: =49583+34102+28021+7275+6779+6532+6138+5563+5369+5127+4705+4087+3539+3495+3282+3115+3100+2990+2831+2732+2586+2564+2536+2280+2263+2103+2103+2054+1995+1939+1591+1496 -> 213875 | C37: =A37/B37 -> 0.034015196
A39: Scale | B39: Timeframe (year) | C39: Wedge Size
C40: Annual (GtCO2e) | D40: Annual (MtCO2e) | E40: Cumulative (MtCO2e)
A41: Global | B41: 30 | C41: 2 | D41: =C41*1000 -> 2000 | E41: =D41*B41/2 -> 30000
A42: Indonesia - Population | B42: 30 | C42: =C41*(E28/E32) -> 0.067677953 | D42: =C42*1000 -> 67.677953 | E42: =D42*B42/2 -> 1015.1693
A43: Indonesia - GDP | B43: 30 | C43: =C41*C37 -> 0.068030392 | D43: =C43*1000 -> 68.030392 | E43: =D43*B43/2 -> 1020.4559
A45: Amount of Required Wedges in Indonesia's Context
A46: Population Principle
A47: Calculation with Annual Gap
A48: Annual Emission Gap (MtCO2e) | B48: Annual Wedge - Population (MtCO2e) | C48: N Wedges Required - Population
A49: =B5-B7 -> 1914 | B49: =D42 -> 67.677953 | C49: =A49/B49 -> 28.280997
A51: Calculation with Cumulative Gap (assuming target trajectories are approximately linear between 2020 and 2050)
A52: Cumulative Emission Gap (MtCO2e) | B52: Cumulative Wedge Population (MtCO2e) | C52: N Wedges Required - Population
A53: 28710 | B53: 1015.1693 | C53: =A53/B53 -> 28.280997
A55: GDP Principle (Sensitivity Analysis)
A56: Calculation with Annual Gap
A57: Annual Emission Gap (MtCO2e) | B57: Annual Wedge - Population (MtCO2e) | C57: N Wedges Required - Population
A58: 1914 | B58: =D43 -> 68.030392 | C58: =A58/B58 -> 28.134485
A60: Calculation with Cumulative Gap
A61: Cumulative Emission Gap (MtCO2e) | B61: Cumulative Wedge Population (MtCO2e) | C61: N Wedges Required - Population
A62: 28710 | B62: =E43 -> 1020.4559 | C62: =A62/B62 -> 28.134485

Sheet Effort & Upper Bound
B2: EFFORT & UPPER BOUND ESTIMATES
B3: Wedge Size (MtCO2e/year) | D3: 67.677953
B5: ELECTRICITY
B6: Strategy ID | C6: Strategy Name | D6: Unit | E6: Wedge Target | F6: Wedge Share | G6: Meaning of Wedge Share | H6: Addressable Market | I6: Unit | J6: Wedge Scale Upper Bound
B7: E1 | C7: Build more solar farms | D7: TWh (Output) | E7: =$D$3/('Power Sector Inputs'!$D$65/1000) -> 63.078254 | F7: =E7/'Power Sector Inputs'!$D$56 -> 0.030721774 | G7: Build more solar farms to generate 3% of national electricity | H7: =SUM('Power Sector Inputs'!$D$44,'Power Sector Inputs'!$D$46,'Power Sector Inputs'!$D$48) -> 1229.92 | I7: TWh (Output) | J7: =H7/E7 -> 19.49832
B8: E2 | C8: Build more wind farms | D8: TWh (Output) | E8: =$D$3/('Power Sector Inputs'!$D$65/1000) -> 63.078254 | F8: =E8/'Power Sector Inputs'!$D$56 -> 0.030721774 | G8: Build more wind farms to generate 3% of national electricity | H8: =SUM('Power Sector Inputs'!$D$44,'Power Sector Inputs'!$D$46,'Power Sector Inputs'!$D$48) -> 1229.92 | I8: TWh (Output) | J8: =H8/E8 -> 19.49832
B9: E3 | C9: Build more nuclear reactors | D9: TWh (Output) | E9: =$D$3/('Power Sector Inputs'!$D$65/1000) -> 63.078254 | F9: =E9/'Power Sector Inputs'!$D$56 -> 0.030721774 | G9: Build more nuclear reactors to generate 3% of national electricity | H9: =SUM('Power Sector Inputs'!$D$44,'Power Sector Inputs'!$D$46,'Power Sector Inputs'!$D$48) -> 1229.92 | I9: TWh (Output) | J9: =H9/E9 -> 19.49832
B10: E4 | C10: Build more hydro power plants | D10: TWh (Output) | E10: =$D$3/('Power Sector Inputs'!$D$65/1000) -> 63.078254 | F10: =E10/'Power Sector Inputs'!$D$56 -> 0.030721774 | G10: Build more hydro power plants to generate 3% of national electricity | H10: 289.7 | I10: TWh (Output) | J10: =H10/E10 -> 4.5927079
B11: E5 | C11: Switch coal to gas plants | D11: TWh (Output) | E11: =$D$3/(('Power Sector Inputs'!D60/1000)-('Power Sector Inputs'!D62/1000)) -> 105.66538 | F11: =E11/'Power Sector Inputs'!$D$56 -> 0.051463503 | G11: Switch from coal to gas plants for 5% of national electricity | H11: ='Power Sector Inputs'!D44 -> 1001.51 | I11: TWh (Output) | J11: =H11/E11 -> 9.4781282
B12: E6 | C12: Retrofit coal plants with CCS | D12: TWh (Output) | E12: =$D$3/(('Power Sector Inputs'!E60/1000)-('Power Sector Inputs'!E61/1000)) -> 76.095717 | F12: =E12/'Power Sector Inputs'!$D$56 -> 0.037061829 | G12: Retrofit coal plants with CCS for 4% of national electricity | H12: ='Power Sector Inputs'!D44 -> 1001.51 | I12: TWh (Output) | J12: =H12/E12 -> 13.161188
B13: E7 | C13: Power BECCS using waste | D13: TWh (Output) | E13: =$D$3/(('Power Sector Inputs'!D65/1000)-('Power Sector Inputs'!I79)) -> 42.591588 | F13: =E13/'Power Sector Inputs'!$D$56 -> 0.020743902 | G13: Power BECCS using waste for 2% of national electricity | H13: 399.47222 | I13: TWh (Output) | J13: =H13/E13 -> 9.3791343
B14: E8 | C14: Retrofit gas plants with CCS | D14: TWh (Output) | E14: =$D$3/(('Power Sector Inputs'!E62/1000)-('Power Sector Inputs'!E63/1000)) -> 190.07084 | F14: =E14/'Power Sector Inputs'!$D$56 -> 0.09257253 | G14: Retrofit gas plants with CCS for 9% of national electricity | H14: ='Power Sector Inputs'!D46 -> 205.82 | I14: TWh (Output) | J14: =H14/E14 -> 1.0828594
B16: LAND USE & FOOD
B17: Strategy ID | C17: Strategy Name | D17: Unit | E17: Wedge Target | F17: Wedge Share | G17: Meaning of Wedge Share | H17: Addressable Market | I17: Unit | J17: Wedge Scale Upper Bound
B18: L1 | C18: Reduce Tropical Forest Loss | D18: Mha/year | E18: =$D$3/'Land Use & Food Inputs'!E16 -> 0.29040997 | F18: =-(E18/'Land Use & Food Inputs'!B16) -> -0.59673281 | G18: Reduce tropical forest loss by 60% of the projected loss rate | H18: ='Land Use & Food Inputs'!B16 -> 0.48666667 | I18: Mha/year | J18: =H18/E18 -> 1.6757919
B19: L2 | C19: Rewet Tropical Peatlands | D19: Mha | E19: =($D$3)/('Land Use & Food Inputs'!C24-'Land Use & Food Inputs'!D24) -> 7.184496 | F19: =E19/'Land Use & Food Inputs'!B24 -> 0.60166972 | G19: Rewet tropical peatland in 60% of current area | H19: ='Land Use & Food Inputs'!B24 -> 11.94093 | I19: Mha | J19: =H19/E19 -> 1.6620414
B20: L3 | C20: Phase-out Peatland Drainage | D20: Mha/year | E20: =($D$3)/('Land Use & Food Inputs'!C24*30) -> 0.051979994 | F20: =-(E20/'Land Use & Food Inputs'!E24) -> -0.22119147 | G20: Reduce peatland drainage by 22% relative to its current rate | H20: ='Land Use & Food Inputs'!E24 -> 0.235 | I20: Mha/year | J20: =H20/E20 -> 4.5209701
B21: L4 | C21: Reforest the Tropics | D21: Mha | E21: =D3/(('Land Use & Food Inputs'!F20+'Land Use & Food Inputs'!G20)*0.5) -> 3.1850397 | F21: =E21/'Land Use & Food Inputs'!D8 -> 0.05030069 | G21: Expanding forest area in 2050 by 5% | H21: =30107242/1000000 -> 30.107242 | I21: Mha | J21: =H21/E21 -> 9.4527055
B22: L5 | C22: Add Trees to Tropical Pasture | D22: Mha | E22: =$D$3/'Land Use & Food Inputs'!F29 -> 4.3946722 | F22: =E22/'Land Use & Food Inputs'!D7 -> 0.1472252 | G22: Add trees to tropical pasture across 15% of pasture area in 2050 | H22: ='Land Use & Food Inputs'!D7 -> 29.85 | I22: Mha | J22: =H22/E22 -> 6.7923154
B23: L6 | C23: Add Trees to Tropical Cropland | D23: Mha | E23: =$D$3/'Land Use & Food Inputs'!F28 -> 5.1271176 | F23: =E23/'Land Use & Food Inputs'!D6 -> 0.12078195 | G23: Add trees to tropical cropland across 12% of cropland area in 2050 | H23: ='Land Use & Food Inputs'!D6 -> 42.449371 | I23: Mha | J23: =H23/E23 -> 8.2793831
B24: L7 | C24: Apply Soil Carbon Management | D24: Mha | E24: ='Calc. Soil Carbon'!H38 -> 58.362438 | F24: =E24/'Land Use & Food Inputs'!D6 -> 1.3748717 | G24: The strategy could only achieve 70% of a full wedge | H24: ='Land Use & Food Inputs'!D6 -> 42.449371 | I24: Mha | J24: =H24/E24 -> 0.72734061
B25: L8 | C25: Apply enhanced weathering in croplands | D25: Mha | E25: ='Land Use & Food Inputs'!C12/'Land Use & Food Inputs'!B12*1000 -> 9.5 | F25: =E25/'Land Use & Food Inputs'!D6 -> 0.22379601 | G25: Apply enhanced weathering to 23% of national cropland | H25: ='Land Use & Food Inputs'!D6 -> 42.449371 | I25: Mha | J25: =H25/E25 -> 4.4683548
B26: L9 | C26: Reduce Meat Consumption | D26: Kcal/Capita/Day | E26: =D3/'Land Use & Food Inputs'!K38*SUM('Land Use & Food Inputs'!B38:D38) -> 65.459415 | F26: =-(E26/SUM('Land Use & Food Inputs'!B38:D38)) -> -0.59294023 | G26: Eat less meat by 59% relative to meat consumption projection in 2050 | H26: =SUM('Land Use & Food Inputs'!B38:D38) -> 110.398 | I26: Kcal/Capita/Day | J26: =H26/E26 -> 1.6865106
B27: L10 | C27: Reduce Food Loss and Waste | D27: Mt | E27: =F27*'Land Use & Food Inputs'!C42 -> -28.413211 | F27: =-(D3/'Land Use & Food Inputs'!E42) -> -0.69447817 | G27: Reduce food loss and waste by 69% nationally | H27: ='Land Use & Food Inputs'!C42 -> 40.913037 | I27: Mt | J27: =-(H27/E27) -> 1.4399301
B29: TRANSPORT
B30: Strategy ID | C30: Strategy Name | D30: Unit | E30: Wedge Target | F30: Wedge Share | G30: Meaning of Wedge Share | H30: Addressable Market | I30: Unit | J30: Wedge Scale Upper Bound
B31: T1 | C31: Avoid Car travel or Walk/Cycle | D31: Trillion p-km | E31: =D3/'Transport Inputs'!D40 -> 0.62003849 | F31: =-E31/'Transport Inputs'!I55 -> -0.12970198 | G31: Avoid car travel, walk or cycle for 13% of national pax travel in 2050 | H31: ='Transport Inputs'!I46 -> 0.91693635 | I31: Trillion p-km | J31: =H31/E31 -> 1.4788378
B32: T2 | C32: Deploy More Electric Vehicles | D32: Trillion p-km | E32: =(D3)/('Transport Inputs'!D40-'Transport Inputs'!D41) -> 0.62613955 | F32: =E32/'Transport Inputs'!I55 -> 0.13097822 | G32: Deploy more electric vehicle for 13% of national pax travel in 2050 | H32: ='Transport Inputs'!I46 -> 0.91693635 | I32: Trillion p-km | J32: =H32/E32 -> 1.4644281
B33: T3 | C33: Deploy More Biofuels | D33: Trillion p-km | E33: =(D3/(('Power Sector Inputs'!H9-'Transport Inputs'!F64)*('Transport Inputs'!D9*3.6)))*'Transport Inputs'!D32 -> -2.0182771 | F33: =E33/'Transport Inputs'!I55 -> -0.42219079 | G33: - | H33: - | I33: - | J33: -
B34: T4 | C34: Use More Public Transport | D34: Trillion p-km | E34: =D3/('Transport Inputs'!D40-'Transport Inputs'!D39) -> 0.85234227 | F34: =E34/'Transport Inputs'!I55 -> 0.17829616 | G34: Use more public transport for 18% of national pax travel in 2050 | H34: ='Transport Inputs'!I46 -> 0.91693635 | I34: Trillion p-km | J34: =H34/E34 -> 1.0757842
B35: T5 | C35: Decarbonise Freight Road | D35: MtCO2e | E35: =D3 -> 67.677953 | F35: =-E35/'Transport Inputs'!H77 -> -0.51262322 | G35: Decarbonise freight road by 51% nationally | H35: ='Transport Inputs'!H77 -> 132.0228 | I35: MtCO2e | J35: =H35/E35 -> 1.9507505
B36: T6 | C36: Avoid Taking Flights | D36: Trillion p-km | E36: =(D3/(((SUM('Power Sector Inputs'!C9:E9)*3.6*1.7)+('Power Sector Inputs'!F9*3.6))*'Transport Inputs'!D70))*'Transport Inputs'!D69 -> 0.43999372 | F36: =-E36/('Transport Inputs'!D68/1000) -> -0.98748576 | G36: Fly less reducing national pax travel by 99% | H36: ='Transport Inputs'!D68/1000 -> 0.44556969 | I36: Trillion p-km | J36: =H36/E36 -> 1.0126728
B37: T7 | C37: Improve Efficiency of Cars | D37: l/100km | E37: =('Transport Inputs'!D9-((D3*1000)/('Transport Inputs'!D8*'Power Sector Inputs'!H9*3.6)))/8.94*100 -> 3.4913033 | F37: =((E37*8.94/100)-'Transport Inputs'!C9)/'Transport Inputs'!C9 -> -0.55806288 | G37: Improve the efficiency of cars by reducing current fuel use by 56% | H37: =E37 -> 3.4913033 | I37: l/100km | J37: =H37/E37 -> 1
B39: BUILDING
B40: Strategy ID | C40: Strategy Name | D40: Unit | E40: Wedge Target | F40: Wedge Share | G40: Meaning of Wedge Share | H40: Addressable Market | I40: Unit | J40: Wedge Scale Upper Bound
B41: B1 | C41: Reduce Building Heat Transfer | D41: W/m2*K | E41: ='Buildings Inputs'!D15*(1-('Effort & Upper Bound'!D3/'Buildings Inputs'!D19)) -> 0.68831953 | F41: =(E41/'Buildings Inputs'!C15)-1 -> -0.63772656 | G41: Reduce building heat transfer by 64% compared to current stock | H41: =E41 -> 0.68831953 | I41: W/m2*K | J41: =H41/E41 -> 1
B42: B2 | C42: Deploy More Clean Stoves | D42: Million | E42: =(D3)/('Buildings Inputs'!H6-'Buildings Inputs'!I6) -> 44.217386 | F42: =E42/('Buildings Inputs'!J6/1000000*'Buildings Inputs'!K6) -> 5.3235702 | G42: The strategy could only achieve 20% of a full wedge | H42: ='Buildings Inputs'!J6*'Buildings Inputs'!K6/1000000 -> 8.3059648 | I42: Million | J42: =H42/E42 -> 0.18784386
B44: INDUSTRY
B45: Strategy ID | C45: Strategy Name | D45: Unit | E45: Wedge Target | F45: Wedge Share | G45: Meaning of Wedge Share | H45: Addressable Market | J45: Wedge Scale Upper Bound
B46: I1 | C46: Produce Clean Hydrogen | D46: Mt | E46: =(((D3*10^12)/('Industry Inputs'!D24-'Industry Inputs'!E24))/33000)/1000000 -> 3.3160043 | F46: =E46/'Industry Inputs'!E25 -> 0.58054486 | G46: Produce clean hydrogen by 58% of 2050 demand | H46: ='Industry Inputs'!E25 -> 5.711883 | I46: Mt | J46: =H46/E46 -> 1.7225198
B47: I2 | C47: Produce Clean Cement | D47: Mt | E47: =D3/('Industry Inputs'!D35-'Industry Inputs'!D36) -> 125.26319 | F47: =E47/'Industry Inputs'!D39 -> 1.1929828 | G47: The strategy could only achieve 84% of a full wedge | H47: ='Industry Inputs'!D39 -> 105 | I47: Mt | J47: =H47/E47 -> 0.83823506
B48: I3 | C48: Produce Clean Steel | D48: Mt | E48: =AVERAGE(E49:E50) -> 38.468517 | F48: =AVERAGE(F49:F50) -> 0.87428448 | G48: Decarbonise steelmaking for 87% of national production | H48: ='Industry Inputs'!D38 -> 44 | I48: Mt | J48: =H48/E48 -> 1.1437925
C49: with Hydrogen-DRI | D49: Mt | E49: =D3/('Industry Inputs'!D31-'Industry Inputs'!D33) -> 33.353997 | F49: =E49/'Industry Inputs'!D38 -> 0.75804539 | G49: - | H49: - | I49: - | J49: -
C50: with CCS | D50: Mt | E50: =D3/('Industry Inputs'!D31-'Industry Inputs'!D32) -> 43.583037 | F50: =E50/'Industry Inputs'!D38 -> 0.99052356 | G50: - | H50: - | I50: - | J50: -
B51: I4 | C51: Reduce Refrigerant Pollution | D51: MtCO2e (cum.) | E51: ='Wedge Scale'!E42 -> 1015.1693 | F51: =E51/'Industry Inputs'!D44 -> 2.08565 | G51: The strategy could only achieve 50% of a full wedge | H51: ='Industry Inputs'!D44 -> 486.74 | I51: MtCO2e (cum.) | J51: =H51/E51 -> 0.47946683
B52: I5 | C52: Reduce Methane Emission in Oil & Gas Supply Chain | D52: MtCO2e (cum.) | E52: 1015.1693 | F52: =E52/'Industry Inputs'!C51 -> 0.75407854 | G52: Reduce oil & gas methane emissions by 75% nationally | H52: ='Industry Inputs'!C51 -> 1346.2381 | I52: MtCO2e (cum.) | J52: =H52/E52 -> 1.3261218
B53: I6 | C53: Build Direct Air Capture (DAC) Plants | D53: TWh (input) | E53: =(((D3/'Industry Inputs'!C61)*'Industry Inputs'!C57)+(('Effort & Upper Bound'!D3/'Industry Inputs'!C61)*'Industry Inputs'!C56))/1000 -> 49.393134 | F53: =E53/'Power Sector Inputs'!D56 -> 0.024056543 | G53: Build direct air capture using 2% of national electricity | H53: =(5*3.34%)*1000 -> 167 | I53: MtCO2e | J53: =H53/D3 -> 2.4675687

Sheet Power Sector Inputs
B2: DATA INVENTORY - POWER/ELECTRICITY
B4: TABLE 1 - Emission Factors for Fossil Fuels (gCO₂e MJ⁻¹, LHV)
B5: Fuel | C5: Combustion | F5: Indirect | G5: Indirect (% overhead) | H5: Combined
C6: CO2 | D6: CH4 | E6: N2O
B7: Coal | C7: =106476/1000 -> 106.476 | D7: =1*28/1000 -> 0.028 | E7: =1.5*265/1000 -> 0.3975 | F7: =C7*G7 -> 7.9857 | G7: 0.075 | H7: =C7+D7+E7+F7 -> 114.8872
B8: Gas | C8: =57.64 -> 57.64 | D8: =3*28/1000 -> 0.084 | E8: =0.1*265/1000 -> 0.0265 | F8: =C8*G8 -> 14.41 | G8: 25% | H8: =C8+D8+E8+F8 -> 72.1605
B9: Oil | C9: =73300/1000 -> 73.3 | D9: =3*28/1000 -> 0.084 | E9: =0.6*265/1000 -> 0.159 | F9: =C9*G9 -> 14.66 | G9: 20% | H9: =C9+D9+E9+F9 -> 88.203
B11: TABLE S10 — Net Power Plant Efficiencies (%, LHV)
B12: Source: Global Calculator (ref.69). HHV→LHV conversion applied (ratios: coal 1.050, oil 1.052, gas 1.109). Net efficiency = gross efficiency minus plant self-consumption. Indonesia action: obtain average efficiency of existing fleet from PLN Statistik Ketenagalistrikan.
B13: Plant Type | C13: Gross HHV (2011, %) | D13: Net HHV (2011, %) | E13: Gross LHV (2011, %) | F13: Net LHV (2011, %) | G13: Indonesia Net LHV (%) | H13: Indonesia Source | I13: Status
B14: Ultracritical coal | C14: 41.4 | D14: 38.7 | E14: 43.5 | F14: 40.6 | H14: PLN Statistik Ketenagalistrikan | I14: ❌ Not Found
B15: Supercritical coal | C15: 37.6 | D15: 35.1 | E15: 39.4 | F15: 36.8 | H15: PLN Statistik Ketenagalistrikan | I15: ❌ Not Found
B16: Subcritical coal | C16: 34.7 | D16: 32.4 | E16: 36.5 | F16: 34 | H16: PLN Statistik Ketenagalistrikan | I16: ❌ Not Found
B17: Average coal | C17: 35.6 | D17: 33.3 | E17: 37.4 | F17: 34.9 | H17: PLN Statistik Ketenagalistrikan | I17: ❌ Not Found
B18: New oil | C18: 40 | D18: 37.3 | E18: 42.1 | F18: 39.3 | H18: PLN Statistik Ketenagalistrikan | I18: ❌ Not Found
B19: Old oil | C19: 32 | D19: 29.9 | E19: 33.7 | F19: 31.4 | H19: PLN Statistik Ketenagalistrikan | I19: ❌ Not Found
B20: Average oil | C20: 34 | D20: 31.8 | E20: 35.8 | F20: 33.4 | H20: PLN Statistik Ketenagalistrikan | I20: ❌ Not Found
B21: OCGT (gas open cycle) | C21: 38.2 | D21: 35.6 | E21: 42.3 | F21: 39.5 | H21: PLN Statistik Ketenagalistrikan | I21: ❌ Not Found
B22: CCGT (gas combined) | C22: 48.8 | D22: 45.6 | E22: 54.1 | F22: 50.5 | H22: PLN Statistik Ketenagalistrikan | I22: ❌ Not Found
B23: Average gas | C23: 44.5 | D23: 41.5 | E23: 49.3 | F23: 46 | H23: PLN Statistik Ketenagalistrikan | I23: ❌ Not Found
B24: TABLE 2 - Net Efficiency of Generators for Base Year and 2050 Projection (%, LHV)
B25: These are the 2050 projected efficiencies used in wedge calculations. Indonesia action: cross-check with RUPTL 2021–2030 assumptions for new-build plant efficiency. If Indonesia builds new coal or gas plants to 2050 (CPOS scenario), use Indonesian RUPTL efficiency; otherwise use global averages as proxy.
B26: Type of Generator | C26: Base Year 2020 | D26: Projection for 2050 - ERIA
B27: Coal (Unabated) | C27: 0.26 | D27: 0.35
B28: CCS Coal | C28: - | D28: =D27-0.12 -> 0.23
B29: Gas (Unabated) | C29: 0.39 | D29: 0.48
B30: CCS Gas | C30: - | D30: =D29-0.0875 -> 0.3925
B31: Oil | C31: 0.29 | D31: 0.29
B33: TABLE 3 - Fuel Input to Power Plants by Generator Type (TWh)
B34: Generator Type | C34: Base Year 2020 | D34: Projection for 2050 - BAU | E34: Projection for 2050 - Low Carbon
B35: Coal (Unabated) | C35: =C44/C27 -> 695.69231 | D35: =D44/D27 -> 2861.4571 | E35: =E44/D27 -> 500.45714
B36: CCS Coal | C36: - | D36: - | E36: =E45/D28 -> 2515.4783
B37: Gas (Unabated) | C37: =C46/C29 -> 131.47692 | D37: =D46/D29 -> 428.79167 | E37: =E46/D29 -> 97.653892
B38: CCS Gas | C38: - | D38: - | E38: =E47*D30 -> 60.769257
B39: Oil | C39: =C48/C31 -> 23.324138 | D39: =D48/D31 -> 77.896552 | E39: =E48/D31 -> 64.034483
B40: TOTAL | C40: =SUM(C35:C39) -> 850.49337 | D40: =SUM(D35:D39) -> 3368.1454 | E40: =SUM(E35:E39) -> 3238.393
B42: TABLE 4 - Electricity Supplied to Grid by Generator Type (TWh)
B43: Generator Type | C43: Base Year 2020 | D43: Projection for 2050 - BAU | E43: Projection for 2050 - Low Carbon
B44: Coal (Unabated) | C44: 180.88 | D44: 1001.51 | E44: 175.16
B45: CCS Coal | C45: - | D45: - | E45: 578.56
B46: Gas (Unabated) | C46: 51.276 | D46: 205.82 | E46: 46.873868
B47: CCS Gas | C47: - | D47: - | E47: 154.82613
B48: Oil | C48: 6.764 | D48: 22.59 | E48: 18.57
B49: BECCS | C49: - | D49: - | E49: 153.93
B50: Hydro | C50: 24.325 | D50: 248.49 | E50: 244.16
B51: Wind | C51: 0.475 | D51: 20.08 | E51: 58.39
B52: Solar | C52: 0.17097 | D52: 143.08 | E52: 199.04
B53: Biomass | C53: 11.555 | D53: 122.99 | E53: 79.62
B54: Geothermal | C54: 15.563 | D54: 188.25 | E54: 180.47
B55: Other Renewable Energy | C55: 0.821 | D55: 100.4 | E55: 98.19
B56: Total | C56: =SUM(C44:C55) -> 291.82997 | D56: =SUM(D44:D55) -> 2053.21 | E56: =SUM(E44:E55) -> 1987.79
B58: TABLE 5 - Emission Intensities by Generator Type (gCO₂e/kWh)
B59: Generator Type | C59: Base Year 2020 | D59: Projection for 2050 - BAU | E59: Projection for 2050 - Low Carbon
B60: Coal (Unabated) | C60: =H7/C27*3.6 -> 1590.7458 | D60: =$H$7/$D$27*3.6 -> 1181.6969 | E60: =$H$7/$D$27*3.6 -> 1181.6969
B61: CCS Coal | C61: - | D61: - | E61: =(((SUM(C7:E7)*3.6)*(1-0.9))+(F7*3.6))/(D27-0.12) -> 292.31765
B62: Gas (Unabated) | C62: =H8/C29*3.6 -> 666.09692 | D62: =$H$8/$D$29*3.6 -> 541.20375 | E62: =$H$8/$D$29*3.6 -> 541.20375
B63: CCS Gas | C63: - | D63: - | E63: =(((SUM(C8:E8)*3.6)*(1-0.9))+(F8*3.6))/(D29-0.0875) -> 185.13676
B64: Oil | C64: =H9/C31*3.6 -> 1094.9338 | D64: =$H$9/$D$31*3.6 -> 1094.9338 | E64: =$H$9/$D$31*3.6 -> 1094.9338
B65: Unabated Fossil Fuel (Average) | C65: =(C60*C44/SUM(C44,C46,C48)+(C62*C46/SUM(C44,C46,C48)+(C64*C48/SUM(C44,C46,C48)))) -> 1378.2648 | D65: =(D60*D44/SUM(D44,D46,D48)+(D62*D46/SUM(D44,D46,D48)+(D64*D48/SUM(D44,D46,D48)))) -> 1072.9205 | E65: =(E60*E44/SUM(E44,E46,E48)+(E62*E46/SUM(E44,E46,E48)+(E64*E48/SUM(E44,E46,E48)))) -> 1050.2211
B66: All Generators (Average) | C66: =865.32 -> 865.32 | D66: 502 | E66: 14
B68: TABLE 6 - GHG Emissions from Electricity Generation by Generator Type (MtCO₂e)
B69: Generator Type | C69: Base Year 2020 | D69: Projection for 2050 - BAU | E69: Projection for 2050 - Low Carbon
B70: Coal (Unabated) | C70: =C44*C60*10^(-3) -> 287.73411 | D70: =D44*D60*10^(-3) -> 1183.4813 | E70: =E44*E60*10^(-3) -> 206.98603
B71: CCS Coal | C71: - | D71: - | E71: =E45*E61*10^(-3) -> 169.1233
B72: Gas (Unabated) | C72: =C46*C62*10^(-3) -> 34.154786 | D72: =D46*D62*10^(-3) -> 111.39056 | E72: =E46*E62*10^(-3) -> 25.368313
B73: CCS Gas | C73: - | D73: - | E73: =E47*E63*10^(-3) -> 28.664009
B74: Oil | C74: =C48*C64*10^(-3) -> 7.4061322 | D74: =D48*D64*10^(-3) -> 24.734554 | E74: =E48*E64*10^(-3) -> 20.332921
B75: TOTAL | C75: =SUM(C70:C74) -> 329.29503 | D75: =SUM(D70:D74) -> 1319.6064 | E75: =SUM(E70:E74) -> 450.47458
B77: TABLE 7 - Emission Intensity and Other Key Assumptions for BECCS Strategy in 2050
B78: Feedstock | C78: Calorific Value (MJ/Kg) | D78: Direct Emission Factor (MtCO₂e/TWh) | E78: Indirect Emission Factor (MtCO₂e/TWh) | F78: Carbon Content (%) | G78: Capture Rate (%) | H78: Plant Efficiency (%HHV) | I78: EI BECCS (MtCO₂e/TWh)
B79: Palm Kernel Shell | C79: 23.6 | D79: =((F79*44/12)/23600*1000)*(3.6*10^9)*10^(-9) -> 0.26288136 | E79: =0.18*D79 -> 0.047318644 | F79: 0.47 | G79: 0.926 | H79: 0.38 | I79: =-(D79*G79/H79)+(E79/H79) -> -0.51607761

Sheet Land Use & Food Inputs
B2: DATA INVENTORY — LAND USE & FOOD
B4: TABLE 17 - Indonesia Land Usage in Million Hectares (Mha) 2020 & 2050 | H4: Data from different sources | I4: ha | J4: Mha
B5: Land Use | C5: 2020 | D5: 2050 | H5: Cropland 2020 FAO | I5: 43382320 | J5: =I5/1000000 -> 43.38232
B6: Cropland | C6: 43.38232 | D6: 42.449371 | H6: Cropland 2020 FABLE | I6: 83532930 | J6: =I6/1000000 -> 83.53293
B7: Pasture | C7: 13.47 | D7: 29.85 | H7: Correction Factor (FAO - FABLE) | I7: =J5/J6 -> 0.51934393 | J7: 0.51934393
B8: Forest | C8: 85.32 | D8: 63.32 | H8: Cropland 2050 FABLE | I8: 81736530 | J8: =I8/1000000 -> 81.73653
H9: Cropland 2050 FABLE (correction) | I9: =I8*I7 -> 42449371 | J9: =I9/1000000 -> 42.449371
B10: TABLE 9 - Inputs for Enhanced Weathering in Croplands Strategy
B11: Application Rate of Basalt (t/ha/year) | C11: Silicate Demand (Gt/year)
B12: 40 | C12: 0.38
B14: TABLE 10 - Inputs for Reduce Tropical Forest Loss Strategy
B15: Tropical Forest Loss Rate (Mha/year) | C15: Total annual deforestation area 2006–2020 (ha/year) | D15: Net emissions from deforestation (tCO₂e/year) | E15: Net Emission Factor for Deforestation (tCO₂e/ha)
B16: =14.6/30 -> 0.48666667 | C16: 599232 | D16: 139646704 | E16: =D16/C16 -> 233.0428
B18: TABLE 11 - Inputs for Reforest the Tropics Strategy
B19: Above-Ground Biomass Growth (Natural) (tonnes d.m/ha.year) | C19: Above-Ground Biomass Growth (Plantation) (tonnes d.m/ha.year) | D19: Ratio of Below-Ground Biomass to Above-Ground Biomass | E19: Carbon Fraction of Forest Biomass (tC/tonnes.d.m) | F19: Rates of Carbon Accumulation in Forest (Natural) (tCO₂/ha/year) | G19: Rates of Carbon Accumulation in Forest (Plantation) (tCO₂/ha/year)
B20: 13 | C20: 5 | D20: 0.37 | E20: 0.47 | F20: =B20*(1+$D$20)*$E$20*(44/12) -> 30.692567 | G20: =C20*(1+$D$20)*$E$20*(44/12) -> 11.804833
B22: TABLE 12 - Inputs for Rewet Peatlands and Stop Drainage Strategy
B23: Area of Drained Peatland (Mha) | C23: Emission Factor - Drained (tCO₂/ha.year) | D23: Emission Factor - Rewetted (tCO₂/ha.year) | E23: Rate of Peatland Drainage (Mha/year)
B24: =20949000/1000000*0.57 -> 11.94093 | C24: 43.4 | D24: 33.98 | E24: 0.235
B26: TABLE 13 - Inputs for Add Trees to Tropical Pasture and Cropland Strategy
B27: Practice | C27: Above-Ground Sequestration Rate (tCO₂/ha.year) | D27: Below-Ground Sequestration Rate (tCO₂/ha.year) | E27: Soil Sequestration Rate (tCO₂/ha.year) | F27: Total (tCO₂/ha.year)
B28: Tropical Alley Cropping | C28: 8.7 | D28: 2 | E28: 2.5 | F28: =SUM(C28:E28) -> 13.2
B29: Tropical Silvopasture | C29: 10.7 | D29: 2.9 | E29: 1.8 | F29: =SUM(C29:E29) -> 15.4
B31: TABLE 14 - Inputs for Apply Soil Carbon Management Strategy
B32: Initial Soil Organic Carbon Content (SOC-0) (%) | C32: a | D32: b | E32: T-0 (year) | F32: Bulk Density (g/cm3)
B33: 71 | C33: 0.697 | D33: 11.5 | E33: 4 | F33: 1.038
B35: TABLE 15 - Inputs for Reduce Meat Consumption Strategy
B36: 2050 Meat Consumption (Kcal/cap/day) | E36: 2050 Meat Consumption (Kcal/day) | H36: Emission Factor (gCO₂e/kcal) | K36: Emission (MtCO₂e/year)
B37: Ruminant Meats | C37: Pork | D37: Poultry | E37: Ruminant Meats | F37: Pork | G37: Poultry | H37: Ruminant Meats | I37: Pork | J37: Poultry
B38: 23.692 | C38: 46.289 | D38: 40.417 | E38: =B38*'Wedge Scale'!$B$28 -> 7793009560 | F38: =C38*'Wedge Scale'!$B$28 -> 15225840770 | G38: =D38*'Wedge Scale'!$B$28 -> 13294363810 | H38: 20.533333 | I38: 5.8666667 | J38: 4.7666667 | K38: =((E38*H38)+(F38*I38)+(G38*J38))*365/(10^12) -> 114.13959
B40: TABLE 16 - Inputs for Reduce Food Loss and Waste Strategy
B41: Total Food Loss and Waste 2020 (Mt) | C41: Total Food Loss and Waste 2050 (Mt) | D41: Emission from FLW 2020 (MtCO₂e) | E41: Emission from FLW 2050 (MtCO₂e)
B42: ='Food loss and waste (IDN)'!P53 -> 37.939785 | C42: ='Food loss and waste (IDN)'!P54 -> 40.913037 | D42: ='Emissions (IDN)'!P54 -> 75.41555 | E42: ='Emissions (IDN)'!P55 -> 97.451519

Sheet Calc. Soil Carbon
A1: Soil carbon sequestration
A2: Input parameters for sigmoid function
B4: SOC-0 | C4: a | D4: b | E4: t-0 | F4: bulk density (g/cm3)
B5: 0.71 | C5: 0.697 | D5: 11.5 | E5: 4 | F5: ='Land Use & Food Inputs'!F33 -> 1.038
A7: Year | B7: %-SOC (med) | C7: Mg C ha yr (med) | E7: Year | F7: Wedge target (tC/yr) | G7: Linear emissions savings (annual area) (ha yr) | H7: Linear emissions savings (cumulative area) (Mha)
A8: 1 | B8: =$B$5 + ($C$5 / (1 + EXP(-(A8-$E$5) /$D$5))) -> 1.0132995 | C8: =0.519*(1.038/1.3) -> 0.41440154 | E8: 2020 | F8: 0 | H8: 0
A9: 2 | B9: =$B$5 + ($C$5 / (1 + EXP(-(A9-$E$5) /$D$5))) -> 1.0282718 | C9: =(B9-B8)*$F$5*30 -> 0.4662368 | E9: 2021 | F9: =(68/30)*$A8*1000000/3.67 -> 617620.35 | G9: =$F9/C9 -> 1324692.4 | H9: =SUM(G$8:G9)/1000000 -> 1.3246924
A10: 3 | B10: =$B$5 + ($C$5 / (1 + EXP(-(A10-$E$5) /$D$5))) -> 1.0433574 | C10: =(B10-B9)*$F$5*30 -> 0.46976444 | E10: 2022 | F10: =(68/30)*$A9*1000000/3.67 -> 1235240.7 | G10: =(($F10-SUMPRODUCT(G$9:G9, C$10:C10))/C$9) -> 1314669.5 | H10: =SUM(G$8:G10)/1000000 -> 2.6393619
A11: 4 | B11: =$B$5 + ($C$5 / (1 + EXP(-(A11-$E$5) /$D$5))) -> 1.0585 | C11: =(B11-B10)*$F$5*30 -> 0.47154161 | E11: 2023 | F11: =(68/30)*$A10*1000000/3.67 -> 1852861 | G11: =(($F11-SUMPRODUCT(G$9:G10, C$10:C11))/C$9) -> 1309734.2 | H11: =SUM(G$8:G11)/1000000 -> 3.9490961
A12: 5 | B12: =$B$5 + ($C$5 / (1 + EXP(-(A12-$E$5) /$D$5))) -> 1.0736426 | C12: =(B12-B11)*$F$5*30 -> 0.47154161 | E12: 2024 | F12: =(68/30)*$A11*1000000/3.67 -> 2470481.4 | G12: =(($F12-SUMPRODUCT(G$9:G11, C$10:C12))/C$9) -> 1309790.3 | H12: =SUM(G$8:G12)/1000000 -> 5.2588865
A13: 6 | B13: =$B$5 + ($C$5 / (1 + EXP(-(A13-$E$5) /$D$5))) -> 1.0887282 | C13: =(B13-B12)*$F$5*30 -> 0.46976444 | E13: 2025 | F13: =(68/30)*$A12*1000000/3.67 -> 3088101.7 | G13: =(($F13-SUMPRODUCT(G$9:G12, C$10:C13))/C$9) -> 1314782.3 | H13: =SUM(G$8:G13)/1000000 -> 6.5736687
A14: 7 | B14: =$B$5 + ($C$5 / (1 + EXP(-(A14-$E$5) /$D$5))) -> 1.1037005 | C14: =(B14-B13)*$F$5*30 -> 0.4662368 | E14: 2026 | F14: =(68/30)*$A13*1000000/3.67 -> 3705722.1 | G14: =(($F14-SUMPRODUCT(G$9:G13, C$10:C14))/C$9) -> 1324692.4 | H14: =SUM(G$8:G14)/1000000 -> 7.8983611
A15: 8 | B15: =$B$5 + ($C$5 / (1 + EXP(-(A15-$E$5) /$D$5))) -> 1.1185049 | C15: =(B15-B14)*$F$5*30 -> 0.46101121 | E15: 2027 | F15: =(68/30)*$A14*1000000/3.67 -> 4323342.4 | G15: =(($F15-SUMPRODUCT(G$9:G14, C$10:C15))/C$9) -> 1339539.6 | H15: =SUM(G$8:G15)/1000000 -> 9.2379007
A16: 9 | B16: =$B$5 + ($C$5 / (1 + EXP(-(A16-$E$5) /$D$5))) -> 1.1330895 | C16: =(B16-B15)*$F$5*30 -> 0.45416442 | E16: 2028 | F16: =(68/30)*$A15*1000000/3.67 -> 4940962.8 | G16: =(($F16-SUMPRODUCT(G$9:G15, C$10:C16))/C$9) -> 1359377.4 | H16: =SUM(G$8:G16)/1000000 -> 10.597278
A17: 10 | B17: =$B$5 + ($C$5 / (1 + EXP(-(A17-$E$5) /$D$5))) -> 1.1474054 | C17: =(B17-B16)*$F$5*30 -> 0.44579497 | E17: 2029 | F17: =(68/30)*$A16*1000000/3.67 -> 5558583.1 | G17: =(($F17-SUMPRODUCT(G$9:G16, C$10:C17))/C$9) -> 1384293.4 | H17: =SUM(G$8:G17)/1000000 -> 11.981571
A18: 11 | B18: =$B$5 + ($C$5 / (1 + EXP(-(A18-$E$5) /$D$5))) -> 1.1614073 | C18: =(B18-B17)*$F$5*30 -> 0.43602032 | E18: 2030 | F18: =(68/30)*$A17*1000000/3.67 -> 6176203.5 | G18: =(($F18-SUMPRODUCT(G$9:G17, C$10:C18))/C$9) -> 1414407.5 | H18: =SUM(G$8:G18)/1000000 -> 13.395979
A19: 12 | B19: =$B$5 + ($C$5 / (1 + EXP(-(A19-$E$5) /$D$5))) -> 1.1750545 | C19: =(B19-B18)*$F$5*30 -> 0.42497337 | E19: 2031 | F19: =(68/30)*$A18*1000000/3.67 -> 6793823.8 | G19: =(($F19-SUMPRODUCT(G$9:G18, C$10:C19))/C$9) -> 1449871.9 | H19: =SUM(G$8:G19)/1000000 -> 14.845851
A20: 13 | B20: =$B$5 + ($C$5 / (1 + EXP(-(A20-$E$5) /$D$5))) -> 1.1883107 | C20: =(B20-B19)*$F$5*30 -> 0.41279888 | E20: 2032 | F20: =(68/30)*$A19*1000000/3.67 -> 7411444.1 | G20: =(($F20-SUMPRODUCT(G$9:G19, C$10:C20))/C$9) -> 1490870.1 | H20: =SUM(G$8:G20)/1000000 -> 16.336721
A21: 14 | B21: =$B$5 + ($C$5 / (1 + EXP(-(A21-$E$5) /$D$5))) -> 1.2011447 | C21: =(B21-B20)*$F$5*30 -> 0.39964959 | E21: 2033 | F21: =(68/30)*$A20*1000000/3.67 -> 8029064.5 | G21: =(($F21-SUMPRODUCT(G$9:G20, C$10:C21))/C$9) -> 1537616.1 | H21: =SUM(G$8:G21)/1000000 -> 17.874337
... A37: 30 | B37: =$B$5 + ($C$5 / (1 + EXP(-(A37-$E$5) /$D$5))) -> 1.3411921 | C37: =(B37-B36)*$F$5*30 -> 0.16716206 | E37: 2049 | F37: =(68/30)*$A36*1000000/3.67 -> 17910990 | G37: =(($F37-SUMPRODUCT(G$9:G36, C$10:C37))/C$9) -> 3353368.7 | H37: =SUM(G$8:G37)/1000000 -> 54.804809
A38: 31 | B38: =$B$5 + ($C$5 / (1 + EXP(-(A38-$E$5) /$D$5))) -> 1.3461946 | C38: =(B38-B37)*$F$5*30 -> 0.15577967 | E38: 2050 | F38: =(68/30)*$A37*1000000/3.67 -> 18528610 | G38: =(($F38-SUMPRODUCT(G$9:G37, C$10:C38))/C$9) -> 3557629.1 | H38: =SUM(G$8:G38)/1000000 -> 58.362438 | I38: Effort required for a wedge

Sheet Calc. Meat Cons.
F1: Back to index
A3: Country | B3: Cluster | C3: 2050Population | D3: FAOFoodItem | E3: KcalPerCap | F3: TotalKCal2050 | G3: T&C category | H3: PerKcalEmissions | I3: TotalEmissions2050 | J3: EmissionsPerCap
A4: Afghanistan | B4: =_xlfn.XLOOKUP(A4,'[1]2050Pop'!$A$7:$A$143,'[1]2050Pop'!$D$7:$D$143) -> India/South Asia | C4: =1000*_xlfn.XLOOKUP(A4,'[1]2050Pop'!$A$7:$A$143,'[1]2050Pop'!$C$7:$C$143) -> 55955 | D4: Bananas | E4: 3.371 | F4: =C4*E4/1000000 -> 0.1886243 | G4: =_xlfn.XLOOKUP(D4,'[1]2050 BAU Mapping to T & C'!$A$3:$A$52,'[1]2050 BAU Mapping to T & C'!$B$3:$B$52) -> Tropical Fruits | H4: =_xlfn.XLOOKUP(G4,'[1]T&C emissions for 2050 analysis'!$B$3:$B$23,'[1]T&C emissions for 2050 analysis'!$C$3:$C$23) -> 0.51333333 | I4: =F4*H4 -> 0.096827143 | J4: =E4*H4 -> 1.7304467
A5: Albania | B5: =_xlfn.XLOOKUP(A5,'[1]2050Pop'!$A$7:$A$143,'[1]2050Pop'!$D$7:$D$143) -> Euro/AU/NZ | C5: =1000*_xlfn.XLOOKUP(A5,'[1]2050Pop'!$A$7:$A$143,'[1]2050Pop'!$C$7:$C$143) -> 2710 | D5: Bananas | E5: 9.711 | F5: =C5*E5/1000000 -> 0.02631681 | G5: =_xlfn.XLOOKUP(D5,'[1]2050 BAU Mapping to T & C'!$A$3:$A$52,'[1]2050 BAU Mapping to T & C'!$B$3:$B$52) -> Tropical Fruits | H5: =_xlfn.XLOOKUP(G5,'[1]T&C emissions for 2050 analysis'!$B$3:$B$23,'[1]T&C emissions for 2050 analysis'!$C$3:$C$23) -> 0.51333333 | I5: =F5*H5 -> 0.013509296 | J5: =E5*H5 -> 4.98498
A6: Algeria | B6: =_xlfn.XLOOKUP(A6,'[1]2050Pop'!$A$7:$A$143,'[1]2050Pop'!$D$7:$D$143) -> MENA | C6: =1000*_xlfn.XLOOKUP(A6,'[1]2050Pop'!$A$7:$A$143,'[1]2050Pop'!$C$7:$C$143) -> 56461 | D6: Bananas | E6: 9.752 | F6: =C6*E6/1000000 -> 0.55060767 | G6: =_xlfn.XLOOKUP(D6,'[1]2050 BAU Mapping to T & C'!$A$3:$A$52,'[1]2050 BAU Mapping to T & C'!$B$3:$B$52) -> Tropical Fruits | H6: =_xlfn.XLOOKUP(G6,'[1]T&C emissions for 2050 analysis'!$B$3:$B$23,'[1]T&C emissions for 2050 analysis'!$C$3:$C$23) -> 0.51333333 | I6: =F6*H6 -> 0.28264527 | J6: =E6*H6 -> 5.0060267
A7: Angola | B7: =_xlfn.XLOOKUP(A7,'[1]2050Pop'!$A$7:$A$143,'[1]2050Pop'!$D$7:$D$143) -> SSA | C7: =1000*_xlfn.XLOOKUP(A7,'[1]2050Pop'!$A$7:$A$143,'[1]2050Pop'!$C$7:$C$143) -> 65473 | D7: Bananas | E7: 73.655 | F7: =C7*E7/1000000 -> 4.8224138 | G7: =_xlfn.XLOOKUP(D7,'[1]2050 BAU Mapping to T & C'!$A$3:$A$52,'[1]2050 BAU Mapping to T & C'!$B$3:$B$52) -> Tropical Fruits | H7: =_xlfn.XLOOKUP(G7,'[1]T&C emissions for 2050 analysis'!$B$3:$B$23,'[1]T&C emissions for 2050 analysis'!$C$3:$C$23) -> 0.51333333 | I7: =F7*H7 -> 2.4755058 | J7: =E7*H7 -> 37.809567
A8: Argentina | B8: =_xlfn.XLOOKUP(A8,'[1]2050Pop'!$A$7:$A$143,'[1]2050Pop'!$D$7:$D$143) -> LatAm & RSA | C8: =1000*_xlfn.XLOOKUP(A8,'[1]2050Pop'!$A$7:$A$143,'[1]2050Pop'!$C$7:$C$143) -> 55445 | D8: Bananas | E8: 22.831 | F8: =C8*E8/1000000 -> 1.2658648 | G8: =_xlfn.XLOOKUP(D8,'[1]2050 BAU Mapping to T & C'!$A$3:$A$52,'[1]2050 BAU Mapping to T & C'!$B$3:$B$52) -> Tropical Fruits | H8: =_xlfn.XLOOKUP(G8,'[1]T&C emissions for 2050 analysis'!$B$3:$B$23,'[1]T&C emissions for 2050 analysis'!$C$3:$C$23) -> 0.51333333 | I8: =F8*H8 -> 0.64981059 | J8: =E8*H8 -> 11.719913
A9: Armenia | B9: =_xlfn.XLOOKUP(A9,'[1]2050Pop'!$A$7:$A$143,'[1]2050Pop'!$D$7:$D$143) -> MENA | C9: =1000*_xlfn.XLOOKUP(A9,'[1]2050Pop'!$A$7:$A$143,'[1]2050Pop'!$C$7:$C$143) -> 2729 | D9: Bananas | E9: 5.225 | F9: =C9*E9/1000000 -> 0.014259025 | G9: =_xlfn.XLOOKUP(D9,'[1]2050 BAU Mapping to T & C'!$A$3:$A$52,'[1]2050 BAU Mapping to T & C'!$B$3:$B$52) -> Tropical Fruits | H9: =_xlfn.XLOOKUP(G9,'[1]T&C emissions for 2050 analysis'!$B$3:$B$23,'[1]T&C emissions for 2050 analysis'!$C$3:$C$23) -> 0.51333333 | I9: =F9*H9 -> 0.0073196328 | J9: =E9*H9 -> 2.6821667
A10: Australia | B10: =_xlfn.XLOOKUP(A10,'[1]2050Pop'!$A$7:$A$143,'[1]2050Pop'!$D$7:$D$143) -> Euro/AU/NZ | C10: =1000*_xlfn.XLOOKUP(A10,'[1]2050Pop'!$A$7:$A$143,'[1]2050Pop'!$C$7:$C$143) -> 33496 | D10: Bananas | E10: 20.676 | F10: =C10*E10/1000000 -> 0.6925633 | G10: =_xlfn.XLOOKUP(D10,'[1]2050 BAU Mapping to T & C'!$A$3:$A$52,'[1]2050 BAU Mapping to T & C'!$B$3:$B$52) -> Tropical Fruits | H10: =_xlfn.XLOOKUP(G10,'[1]T&C emissions for 2050 analysis'!$B$3:$B$23,'[1]T&C emissions for 2050 analysis'!$C$3:$C$23) -> 0.51333333 | I10: =F10*H10 -> 0.35551583 | J10: =E10*H10 -> 10.61368
A11: Austria | B11: =_xlfn.XLOOKUP(A11,'[1]2050Pop'!$A$7:$A$143,'[1]2050Pop'!$D$7:$D$143) -> Euro/AU/NZ | C11: =1000*_xlfn.XLOOKUP(A11,'[1]2050Pop'!$A$7:$A$143,'[1]2050Pop'!$C$7:$C$143) -> 8846 | D11: Bananas | E11: 18.402 | F11: =C11*E11/1000000 -> 0.16278409 | G11: =_xlfn.XLOOKUP(D11,'[1]2050 BAU Mapping to T & C'!$A$3:$A$52,'[1]2050 BAU Mapping to T & C'!$B$3:$B$52) -> Tropical Fruits | H11: =_xlfn.XLOOKUP(G11,'[1]T&C emissions for 2050 analysis'!$B$3:$B$23,'[1]T&C emissions for 2050 analysis'!$C$3:$C$23) -> 0.51333333 | I11: =F11*H11 -> 0.083562501 | J11: =E11*H11 -> 9.44636
A12: Azerbaijan | B12: =_xlfn.XLOOKUP(A12,'[1]2050Pop'!$A$7:$A$143,'[1]2050Pop'!$D$7:$D$143) -> MENA | C12: =1000*_xlfn.XLOOKUP(A12,'[1]2050Pop'!$A$7:$A$143,'[1]2050Pop'!$C$7:$C$143) -> 10963 | D12: Bananas | E12: 2.817 | F12: =C12*E12/1000000 -> 0.030882771 | G12: =_xlfn.XLOOKUP(D12,'[1]2050 BAU Mapping to T & C'!$A$3:$A$52,'[1]2050 BAU Mapping to T & C'!$B$3:$B$52) -> Tropical Fruits | H12: =_xlfn.XLOOKUP(G12,'[1]T&C emissions for 2050 analysis'!$B$3:$B$23,'[1]T&C emissions for 2050 analysis'!$C$3:$C$23) -> 0.51333333 | I12: =F12*H12 -> 0.015853156 | J12: =E12*H12 -> 1.44606
A13: Bangladesh | B13: =_xlfn.XLOOKUP(A13,'[1]2050Pop'!$A$7:$A$143,'[1]2050Pop'!$D$7:$D$143) -> India/South Asia | C13: =1000*_xlfn.XLOOKUP(A13,'[1]2050Pop'!$A$7:$A$143,'[1]2050Pop'!$C$7:$C$143) -> 202209 | D13: Bananas | E13: 9.448 | F13: =C13*E13/1000000 -> 1.9104706 | G13: =_xlfn.XLOOKUP(D13,'[1]2050 BAU Mapping to T & C'!$A$3:$A$52,'[1]2050 BAU Mapping to T & C'!$B$3:$B$52) -> Tropical Fruits | H13: =_xlfn.XLOOKUP(G13,'[1]T&C emissions for 2050 analysis'!$B$3:$B$23,'[1]T&C emissions for 2050 analysis'!$C$3:$C$23) -> 0.51333333 | I13: =F13*H13 -> 0.98070826 | J13: =E13*H13 -> 4.8499733
A14: Belarus | B14: =_xlfn.XLOOKUP(A14,'[1]2050Pop'!$A$7:$A$143,'[1]2050Pop'!$D$7:$D$143) -> Euro/AU/NZ | C14: =1000*_xlfn.XLOOKUP(A14,'[1]2050Pop'!$A$7:$A$143,'[1]2050Pop'!$C$7:$C$143) -> 8125 | D14: Bananas | E14: 10.937 | F14: =C14*E14/1000000 -> 0.088863125 | G14: =_xlfn.XLOOKUP(D14,'[1]2050 BAU Mapping to T & C'!$A$3:$A$52,'[1]2050 BAU Mapping to T & C'!$B$3:$B$52) -> Tropical Fruits | H14: =_xlfn.XLOOKUP(G14,'[1]T&C emissions for 2050 analysis'!$B$3:$B$23,'[1]T&C emissions for 2050 analysis'!$C$3:$C$23) -> 0.51333333 | I14: =F14*H14 -> 0.045616404 | J14: =E14*H14 -> 5.6143267
A15: Belgium | B15: =_xlfn.XLOOKUP(A15,'[1]2050Pop'!$A$7:$A$143,'[1]2050Pop'!$D$7:$D$143) -> Euro/AU/NZ | C15: =1000*_xlfn.XLOOKUP(A15,'[1]2050Pop'!$A$7:$A$143,'[1]2050Pop'!$C$7:$C$143) -> 12527 | D15: Bananas | E15: 7.947 | F15: =C15*E15/1000000 -> 0.099552069 | G15: =_xlfn.XLOOKUP(D15,'[1]2050 BAU Mapping to T & C'!$A$3:$A$52,'[1]2050 BAU Mapping to T & C'!$B$3:$B$52) -> Tropical Fruits | H15: =_xlfn.XLOOKUP(G15,'[1]T&C emissions for 2050 analysis'!$B$3:$B$23,'[1]T&C emissions for 2050 analysis'!$C$3:$C$23) -> 0.51333333 | I15: =F15*H15 -> 0.051103395 | J15: =E15*H15 -> 4.07946
... A4620: Zimbabwe | B4620: =_xlfn.XLOOKUP(A4620,'[1]2050Pop'!$A$7:$A$143,'[1]2050Pop'!$D$7:$D$143) -> SSA | C4620: =1000*_xlfn.XLOOKUP(A4620,'[1]2050Pop'!$A$7:$A$143,'[1]2050Pop'!$C$7:$C$143) -> 29615 | D4620: Wheat | E4620: 327.814 | F4620: =C4620*E4620/1000000 -> 9.7082116 | G4620: =_xlfn.XLOOKUP(D4620,'[1]2050 BAU Mapping to T & C'!$A$3:$A$52,'[1]2050 BAU Mapping to T & C'!$B$3:$B$52) -> Wheat | H4620: =_xlfn.XLOOKUP(G4620,'[1]T&C emissions for 2050 analysis'!$B$3:$B$23,'[1]T&C emissions for 2050 analysis'!$C$3:$C$23) -> 0.22 | I4620: =F4620*H4620 -> 2.1358066 | J4620: =E4620*H4620 -> 72.11908

Sheet Emissions (IDN)
A1: Scenario | B1: Year | C1: Region | D1: Commodity group | E1: Commodity | F1: FSC1 Emissions | G1: FSC2 Emissions | H1: FSC3 Emissions | I1: FSC4 Emissions | J1: FSC5 Emissions | K1: Total (1000 tonnes) | L1: FSC1 Emissions (Mt) | M1: FSC2 Emissions (Mt) | N1: FSC3 Emissions (Mt) | O1: FSC4 Emissions (Mt) | P1: FSC5 Emissions (Mt) | Q1: Total Emissions (Mt)
A2: 2020 | B2: 2020 | C2: Indonesia | D2: Cereals | E2: Barley | F2: ='Food loss and waste (IDN)'!F2*'Emissions factors'!$D$102 -> 0 | G2: ='Food loss and waste (IDN)'!G2*'Emissions factors'!$D$102 -> 8.1057 | H2: ='Food loss and waste (IDN)'!H2*'Emissions factors'!$D$102 -> 8.042601 | I2: ='Food loss and waste (IDN)'!I2*'Emissions factors'!$D$102 -> 3.1841806 | J2: ='Food loss and waste (IDN)'!J2*'Emissions factors'!$D$102 -> 3.1100256 | K2: =SUM(F2:J2) -> 22.442507 | L2: =F2/1000 -> 0 | M2: =G2/1000 -> 0.0081057 | N2: =H2/1000 -> 0.008042601 | O2: =I2/1000 -> 0.0031841806 | P2: =J2/1000 -> 0.0031100256 | Q2: =SUM(L2:P2) -> 0.022442507
A3: 2020 | B3: 2020 | C3: Indonesia | D3: Cereals | E3: Maize | F3: ='Food loss and waste (IDN)'!F3*'Emissions factors'!$D$103 -> 115.89627 | G3: ='Food loss and waste (IDN)'!G3*'Emissions factors'!$D$103 -> 123.24247 | H3: ='Food loss and waste (IDN)'!H3*'Emissions factors'!$D$103 -> 122.28309 | I3: ='Food loss and waste (IDN)'!I3*'Emissions factors'!$D$103 -> 48.413621 | J3: ='Food loss and waste (IDN)'!J3*'Emissions factors'!$D$103 -> 47.286136 | K3: =SUM(F3:J3) -> 457.12159 | L3: =F3/1000 -> 0.11589627 | M3: =G3/1000 -> 0.12324247 | N3: =H3/1000 -> 0.12228309 | O3: =I3/1000 -> 0.048413621 | P3: =J3/1000 -> 0.047286136 | Q3: =SUM(L3:P3) -> 0.45712159
A4: 2020 | B4: 2020 | C4: Indonesia | D4: Cereals | E4: Millet | F4: ='Food loss and waste (IDN)'!F4*'Emissions factors'!$D$104 -> 0 | G4: ='Food loss and waste (IDN)'!G4*'Emissions factors'!$D$104 -> 1.409601 | H4: ='Food loss and waste (IDN)'!H4*'Emissions factors'!$D$104 -> 1.3986279 | I4: ='Food loss and waste (IDN)'!I4*'Emissions factors'!$D$104 -> 0.55373678 | J4: ='Food loss and waste (IDN)'!J4*'Emissions factors'!$D$104 -> 0.54084103 | K4: =SUM(F4:J4) -> 3.9028067 | L4: =F4/1000 -> 0 | M4: =G4/1000 -> 0.001409601 | N4: =H4/1000 -> 0.0013986279 | O4: =I4/1000 -> 0.00055373678 | P4: =J4/1000 -> 0.00054084103 | Q4: =SUM(L4:P4) -> 0.0039028067
A5: 2020 | B5: 2020 | C5: Indonesia | D5: Cereals | E5: Oats | F5: ='Food loss and waste (IDN)'!F5*'Emissions factors'!$D$105 -> 0 | G5: ='Food loss and waste (IDN)'!G5*'Emissions factors'!$D$105 -> 1.041879 | H5: ='Food loss and waste (IDN)'!H5*'Emissions factors'!$D$105 -> 1.0337685 | I5: ='Food loss and waste (IDN)'!I5*'Emissions factors'!$D$105 -> 0.40928371 | J5: ='Food loss and waste (IDN)'!J5*'Emissions factors'!$D$105 -> 0.39975206 | K5: =SUM(F5:J5) -> 2.8846832 | L5: =F5/1000 -> 0 | M5: =G5/1000 -> 0.001041879 | N5: =H5/1000 -> 0.0010337685 | O5: =I5/1000 -> 0.00040928371 | P5: =J5/1000 -> 0.00039975206 | Q5: =SUM(L5:P5) -> 0.0028846832
A6: 2020 | B6: 2020 | C6: Indonesia | D6: Cereals | E6: Other cereals | F6: ='Food loss and waste (IDN)'!F6*'Emissions factors'!$D$110 -> 0.0186 | G6: ='Food loss and waste (IDN)'!G6*'Emissions factors'!$D$110 -> 0.06006126 | H6: ='Food loss and waste (IDN)'!H6*'Emissions factors'!$D$110 -> 0.059593712 | I6: ='Food loss and waste (IDN)'!I6*'Emissions factors'!$D$110 -> 0.023594002 | J6: ='Food loss and waste (IDN)'!J6*'Emissions factors'!$D$110 -> 0.023044531 | K6: =SUM(F6:J6) -> 0.1848935 | L6: =F6/1000 -> 1.86e-05 | M6: =G6/1000 -> 6.006126e-05 | N6: =H6/1000 -> 5.9593712e-05 | O6: =I6/1000 -> 2.3594002e-05 | P6: =J6/1000 -> 2.3044531e-05 | Q6: =SUM(L6:P6) -> 0.0001848935
A7: 2020 | B7: 2020 | C7: Indonesia | D7: Cereals | E7: Rice | F7: ='Food loss and waste (IDN)'!F7*'Emissions factors'!$D$106 -> 6027.8994 | G7: ='Food loss and waste (IDN)'!G7*'Emissions factors'!$D$106 -> 6518.8854 | H7: ='Food loss and waste (IDN)'!H7*'Emissions factors'!$D$106 -> 6468.139 | I7: ='Food loss and waste (IDN)'!I7*'Emissions factors'!$D$106 -> 2560.8286 | J7: ='Food loss and waste (IDN)'!J7*'Emissions factors'!$D$106 -> 2501.1905 | K7: =SUM(F7:J7) -> 24076.943 | L7: =F7/1000 -> 6.0278994 | M7: =G7/1000 -> 6.5188854 | N7: =H7/1000 -> 6.468139 | O7: =I7/1000 -> 2.5608286 | P7: =J7/1000 -> 2.5011905 | Q7: =SUM(L7:P7) -> 24.076943
A8: 2020 | B8: 2020 | C8: Indonesia | D8: Cereals | E8: Rye | F8: - | G8: - | H8: - | I8: - | J8: - | K8: - | L8: - | M8: - | N8: - | O8: - | P8: - | Q8: -
A9: 2020 | B9: 2020 | C9: Indonesia | D9: Cereals | E9: Sorghum | F9: - | G9: - | H9: - | I9: - | J9: - | K9: - | L9: - | M9: - | N9: - | O9: - | P9: - | Q9: -
A10: 2020 | B10: 2020 | C10: Indonesia | D10: Cereals | E10: Wheat | F10: ='Food loss and waste (IDN)'!F10*'Emissions factors'!$D$109 -> 0 | G10: ='Food loss and waste (IDN)'!G10*'Emissions factors'!$D$109 -> 291.8031 | H10: ='Food loss and waste (IDN)'!H10*'Emissions factors'!$D$109 -> 289.53155 | I10: ='Food loss and waste (IDN)'!I10*'Emissions factors'!$D$109 -> 114.62968 | J10: ='Food loss and waste (IDN)'!J10*'Emissions factors'!$D$109 -> 111.96011 | K10: =SUM(F10:J10) -> 807.92445 | L10: =F10/1000 -> 0 | M10: =G10/1000 -> 0.2918031 | N10: =H10/1000 -> 0.28953155 | O10: =I10/1000 -> 0.11462968 | P10: =J10/1000 -> 0.11196011 | Q10: =SUM(L10:P10) -> 0.80792445
A11: 2020 | B11: 2020 | C11: Indonesia | D11: Fruits & Vegetables | E11: Apples | F11: ='Food loss and waste (IDN)'!F11*'Emissions factors'!$D$111 -> 4.530942 | G11: ='Food loss and waste (IDN)'!G11*'Emissions factors'!$D$111 -> 4.68717 | H11: ='Food loss and waste (IDN)'!H11*'Emissions factors'!$D$111 -> 10.700472 | I11: ='Food loss and waste (IDN)'!I11*'Emissions factors'!$D$111 -> 4.1603435 | J11: ='Food loss and waste (IDN)'!J11*'Emissions factors'!$D$111 -> 5.0740988 | K11: =SUM(F11:J11) -> 29.153026 | L11: =F11/1000 -> 0.004530942 | M11: =G11/1000 -> 0.00468717 | N11: =H11/1000 -> 0.010700472 | O11: =I11/1000 -> 0.0041603435 | P11: =J11/1000 -> 0.0050740988 | Q11: =SUM(L11:P11) -> 0.029153026
A12: 2020 | B12: 2020 | C12: Indonesia | D12: Fruits & Vegetables | E12: Bananas | F12: ='Food loss and waste (IDN)'!F12*'Emissions factors'!$D$112 -> 320.73269 | G12: ='Food loss and waste (IDN)'!G12*'Emissions factors'!$D$112 -> 331.43631 | H12: ='Food loss and waste (IDN)'!H12*'Emissions factors'!$D$112 -> 756.64525 | I12: ='Food loss and waste (IDN)'!I12*'Emissions factors'!$D$112 -> 294.18367 | J12: ='Food loss and waste (IDN)'!J12*'Emissions factors'!$D$112 -> 358.79658 | K12: =SUM(F12:J12) -> 2061.7945 | L12: =F12/1000 -> 0.32073269 | M12: =G12/1000 -> 0.33143631 | N12: =H12/1000 -> 0.75664525 | O12: =I12/1000 -> 0.29418367 | P12: =J12/1000 -> 0.35879658 | Q12: =SUM(L12:P12) -> 2.0617945
A13: 2020 | B13: 2020 | C13: Indonesia | D13: Fruits & Vegetables | E13: Citrus | F13: ='Food loss and waste (IDN)'!F13*'Emissions factors'!$D$113 -> 0.180297 | G13: ='Food loss and waste (IDN)'!G13*'Emissions factors'!$D$113 -> 0.18651369 | H13: ='Food loss and waste (IDN)'!H13*'Emissions factors'!$D$113 -> 0.42579733 | I13: ='Food loss and waste (IDN)'!I13*'Emissions factors'!$D$113 -> 0.16555 | J13: ='Food loss and waste (IDN)'!J13*'Emissions factors'!$D$113 -> 0.2019105 | K13: =SUM(F13:J13) -> 1.1600685 | L13: =F13/1000 -> 0.000180297 | M13: =G13/1000 -> 0.00018651369 | N13: =H13/1000 -> 0.00042579733 | O13: =I13/1000 -> 0.00016555 | P13: =J13/1000 -> 0.0002019105 | Q13: =SUM(L13:P13) -> 0.0011600685
A14: 2020 | B14: 2020 | C14: Indonesia | D14: Fruits & Vegetables | E14: Grapes | F14: ='Food loss and waste (IDN)'!F14*'Emissions factors'!$D$114 -> 0 | G14: ='Food loss and waste (IDN)'!G14*'Emissions factors'!$D$114 -> 5.691042 | H14: ='Food loss and waste (IDN)'!H14*'Emissions factors'!$D$114 -> 12.992239 | I14: ='Food loss and waste (IDN)'!I14*'Emissions factors'!$D$114 -> 5.0513827 | J14: ='Food loss and waste (IDN)'!J14*'Emissions factors'!$D$114 -> 6.160841 | K14: =SUM(F14:J14) -> 29.895505 | L14: =F14/1000 -> 0 | M14: =G14/1000 -> 0.005691042 | N14: =H14/1000 -> 0.012992239 | O14: =I14/1000 -> 0.0050513827 | P14: =J14/1000 -> 0.006160841 | Q14: =SUM(L14:P14) -> 0.029895505
A15: 2020 | B15: 2020 | C15: Indonesia | D15: Fruits & Vegetables | E15: Other fruits | F15: ='Food loss and waste (IDN)'!F15*'Emissions factors'!$D$115 -> 640.33133 | G15: ='Food loss and waste (IDN)'!G15*'Emissions factors'!$D$115 -> 678.07973 | H15: ='Food loss and waste (IDN)'!H15*'Emissions factors'!$D$115 -> 1548.0072 | I15: ='Food loss and waste (IDN)'!I15*'Emissions factors'!$D$115 -> 601.86521 | J15: ='Food loss and waste (IDN)'!J15*'Emissions factors'!$D$115 -> 734.05562 | K15: =SUM(F15:J15) -> 4202.3391 | L15: =F15/1000 -> 0.64033133 | M15: =G15/1000 -> 0.67807973 | N15: =H15/1000 -> 1.5480072 | O15: =I15/1000 -> 0.60186521 | P15: =J15/1000 -> 0.73405562 | Q15: =SUM(L15:P15) -> 4.2023391
A16: 2020 | B16: 2020 | C16: Indonesia | D16: Fruits & Vegetables | E16: Vegetables | F16: ='Food loss and waste (IDN)'!F16*'Emissions factors'!$D$116 -> 745.08911 | G16: ='Food loss and waste (IDN)'!G16*'Emissions factors'!$D$116 -> 815.87008 | H16: ='Food loss and waste (IDN)'!H16*'Emissions factors'!$D$116 -> 1862.5727 | I16: ='Food loss and waste (IDN)'!I16*'Emissions factors'!$D$116 -> 724.16827 | J16: ='Food loss and waste (IDN)'!J16*'Emissions factors'!$D$116 -> 883.22065 | K16: =SUM(F16:J16) -> 5030.9208 | L16: =F16/1000 -> 0.74508911 | M16: =G16/1000 -> 0.81587008 | N16: =H16/1000 -> 1.8625727 | O16: =I16/1000 -> 0.72416827 | P16: =J16/1000 -> 0.88322065 | Q16: =SUM(L16:P16) -> 5.0309208
A17: 2020 | B17: 2020 | C17: Indonesia | D17: Marine | E17: Fish & Seafood | F17: ='Food loss and waste (IDN)'!F17*'Emissions factors'!$D$117 -> 4277.9782 | G17: ='Food loss and waste (IDN)'!G17*'Emissions factors'!$D$117 -> 11960.957 | H17: ='Food loss and waste (IDN)'!H17*'Emissions factors'!$D$117 -> 3150.0004 | I17: ='Food loss and waste (IDN)'!I17*'Emissions factors'!$D$117 -> 3927.1055 | J17: ='Food loss and waste (IDN)'!J17*'Emissions factors'!$D$117 -> 558.45798 | K17: =SUM(F17:J17) -> 23874.499 | L17: =F17/1000 -> 4.2779782 | M17: =G17/1000 -> 11.960957 | N17: =H17/1000 -> 3.1500004 | O17: =I17/1000 -> 3.9271055 | P17: =J17/1000 -> 0.55845798 | Q17: =SUM(L17:P17) -> 23.874499
A18: 2020 | B18: 2020 | C18: Indonesia | D18: Meat | E18: Bovine meat | F18: ='Food loss and waste (IDN)'!F18*'Emissions factors'!$D$118 -> 1844.576 | G18: ='Food loss and waste (IDN)'!G18*'Emissions factors'!$D$118 -> 53.409854 | H18: ='Food loss and waste (IDN)'!H18*'Emissions factors'!$D$118 -> 1268.9927 | I18: ='Food loss and waste (IDN)'!I18*'Emissions factors'!$D$118 -> 1687.7603 | J18: ='Food loss and waste (IDN)'!J18*'Emissions factors'!$D$118 -> 896.92405 | K18: =SUM(F18:J18) -> 5751.6629 | L18: =F18/1000 -> 1.844576 | M18: =G18/1000 -> 0.053409854 | N18: =H18/1000 -> 1.2689927 | O18: =I18/1000 -> 1.6877603 | P18: =J18/1000 -> 0.89692405 | Q18: =SUM(L18:P18) -> 5.7516629
A19: 2020 | B19: 2020 | C19: Indonesia | D19: Meat | E19: Mutton & Goat | F19: ='Food loss and waste (IDN)'!F19*'Emissions factors'!$D$119 -> 182.236 | G19: ='Food loss and waste (IDN)'!G19*'Emissions factors'!$D$119 -> 3.311668 | H19: ='Food loss and waste (IDN)'!H19*'Emissions factors'!$D$119 -> 82.626117 | I19: ='Food loss and waste (IDN)'!I19*'Emissions factors'!$D$119 -> 109.89274 | J19: ='Food loss and waste (IDN)'!J19*'Emissions factors'!$D$119 -> 58.400139 | K19: =SUM(F19:J19) -> 436.46666 | L19: =F19/1000 -> 0.182236 | M19: =G19/1000 -> 0.003311668 | N19: =H19/1000 -> 0.082626117 | O19: =I19/1000 -> 0.10989274 | P19: =J19/1000 -> 0.058400139 | Q19: =SUM(L19:P19) -> 0.43646666
A20: 2020 | B20: 2020 | C20: Indonesia | D20: Meat | E20: Pigmeat | F20: ='Food loss and waste (IDN)'!F20*'Emissions factors'!$D$120 -> 116.6712 | G20: ='Food loss and waste (IDN)'!G20*'Emissions factors'!$D$120 -> 8.6884614 | H20: ='Food loss and waste (IDN)'!H20*'Emissions factors'!$D$120 -> 91.996017 | I20: ='Food loss and waste (IDN)'!I20*'Emissions factors'!$D$120 -> 122.3547 | J20: ='Food loss and waste (IDN)'!J20*'Emissions factors'!$D$120 -> 65.022785 | K20: =SUM(F20:J20) -> 404.73317 | L20: =F20/1000 -> 0.1166712 | M20: =G20/1000 -> 0.0086884614 | N20: =H20/1000 -> 0.091996017 | O20: =I20/1000 -> 0.1223547 | P20: =J20/1000 -> 0.065022785 | Q20: =SUM(L20:P20) -> 0.40473317
A21: 2020 | B21: 2020 | C21: Indonesia | D21: Meat | E21: Poultry | F21: ='Food loss and waste (IDN)'!F21*'Emissions factors'!$D$121 -> 1034.1864 | G21: ='Food loss and waste (IDN)'!G21*'Emissions factors'!$D$121 -> 76.128596 | H21: ='Food loss and waste (IDN)'!H21*'Emissions factors'!$D$121 -> 806.07225 | I21: ='Food loss and waste (IDN)'!I21*'Emissions factors'!$D$121 -> 1072.0761 | J21: ='Food loss and waste (IDN)'!J21*'Emissions factors'!$D$121 -> 569.73187 | K21: =SUM(F21:J21) -> 3558.1952 | L21: =F21/1000 -> 1.0341864 | M21: =G21/1000 -> 0.076128596 | N21: =H21/1000 -> 0.80607225 | O21: =I21/1000 -> 1.0720761 | P21: =J21/1000 -> 0.56973187 | Q21: =SUM(L21:P21) -> 3.5581952
A22: 2020 | B22: 2020 | C22: Indonesia | D22: Milk & Eggs | E22: Eggs | F22: ='Food loss and waste (IDN)'!F22*'Emissions factors'!$D$122 -> 1178.2194 | G22: ='Food loss and waste (IDN)'!G22*'Emissions factors'!$D$122 -> 981.1819 | H22: ='Food loss and waste (IDN)'!H22*'Emissions factors'!$D$122 -> 12.589799 | I22: ='Food loss and waste (IDN)'!I22*'Emissions factors'!$D$122 -> 377.31627 | J22: ='Food loss and waste (IDN)'!J22*'Emissions factors'!$D$122 -> 243.99785 | K22: =SUM(F22:J22) -> 2793.3052 | L22: =F22/1000 -> 1.1782194 | M22: =G22/1000 -> 0.9811819 | N22: =H22/1000 -> 0.012589799 | O22: =I22/1000 -> 0.37731627 | P22: =J22/1000 -> 0.24399785 | Q22: =SUM(L22:P22) -> 2.7933052
A23: 2020 | B23: 2020 | C23: Indonesia | D23: Milk & Eggs | E23: Milk | F23: ='Food loss and waste (IDN)'!F23*'Emissions factors'!$D$123 -> 62.004142 | G23: ='Food loss and waste (IDN)'!G23*'Emissions factors'!$D$123 -> 478.12583 | H23: ='Food loss and waste (IDN)'!H23*'Emissions factors'!$D$123 -> 194.76476 | I23: ='Food loss and waste (IDN)'!I23*'Emissions factors'!$D$123 -> 954.34733 | J23: ='Food loss and waste (IDN)'!J23*'Emissions factors'!$D$123 -> 85.89126 | K23: =SUM(F23:J23) -> 1775.1333 | L23: =F23/1000 -> 0.062004142 | M23: =G23/1000 -> 0.47812583 | N23: =H23/1000 -> 0.19476476 | O23: =I23/1000 -> 0.95434733 | P23: =J23/1000 -> 0.08589126 | Q23: =SUM(L23:P23) -> 1.7751333
A24: 2020 | B24: 2020 | C24: Indonesia | D24: Oil crops & Pulses | E24: Oil crops | F24: ='Food loss and waste (IDN)'!F24*'Emissions factors'!$D$124 -> 26.622974 | G24: ='Food loss and waste (IDN)'!G24*'Emissions factors'!$D$124 -> 12.222899 | H24: ='Food loss and waste (IDN)'!H24*'Emissions factors'!$D$124 -> 27.78193 | I24: ='Food loss and waste (IDN)'!I24*'Emissions factors'!$D$124 -> 6.3898439 | J24: ='Food loss and waste (IDN)'!J24*'Emissions factors'!$D$124 -> 3.1310235 | K24: =SUM(F24:J24) -> 76.148671 | L24: =F24/1000 -> 0.026622974 | M24: =G24/1000 -> 0.012222899 | N24: =H24/1000 -> 0.02778193 | O24: =I24/1000 -> 0.0063898439 | P24: =J24/1000 -> 0.0031310235 | Q24: =SUM(L24:P24) -> 0.076148671
A25: 2020 | B25: 2020 | C25: Indonesia | D25: Oil crops & Pulses | E25: Pulses | F25: ='Food loss and waste (IDN)'!F25*'Emissions factors'!$D$125 -> 0.069236364 | G25: ='Food loss and waste (IDN)'!G25*'Emissions factors'!$D$125 -> 0.18260596 | H25: ='Food loss and waste (IDN)'!H25*'Emissions factors'!$D$125 -> 0.41505261 | I25: ='Food loss and waste (IDN)'!I25*'Emissions factors'!$D$125 -> 0.095462101 | J25: ='Food loss and waste (IDN)'!J25*'Emissions factors'!$D$125 -> 0.04677643 | K25: =SUM(F25:J25) -> 0.80913347 | L25: =F25/1000 -> 6.9236364e-05 | M25: =G25/1000 -> 0.00018260596 | N25: =H25/1000 -> 0.00041505261 | O25: =I25/1000 -> 9.5462101e-05 | P25: =J25/1000 -> 4.677643e-05 | Q25: =SUM(L25:P25) -> 0.00080913347
A26: 2020 | B26: 2020 | C26: Indonesia | D26: Roots & Tubers | E26: Starchy Roots | F26: ='Food loss and waste (IDN)'!F26*'Emissions factors'!$D$126 -> 4.2865378 | G26: ='Food loss and waste (IDN)'!G26*'Emissions factors'!$D$126 -> 5.1367188 | H26: ='Food loss and waste (IDN)'!H26*'Emissions factors'!$D$126 -> 3.7280447 | I26: ='Food loss and waste (IDN)'!I26*'Emissions factors'!$D$126 -> 3.616949 | J26: ='Food loss and waste (IDN)'!J26*'Emissions factors'!$D$126 -> 1.1614956 | K26: =SUM(F26:J26) -> 17.929746 | L26: =F26/1000 -> 0.0042865378 | M26: =G26/1000 -> 0.0051367188 | N26: =H26/1000 -> 0.0037280447 | O26: =I26/1000 -> 0.003616949 | P26: =J26/1000 -> 0.0011614956 | Q26: =SUM(L26:P26) -> 0.017929746
A27: 2050 | B27: 2050 | C27: Indonesia | D27: Cereals | E27: Barley | F27: - | G27: - | H27: - | I27: - | J27: - | K27: - | L27: - | M27: - | N27: - | O27: - | P27: - | Q27: -
A28: 2050 | B28: 2050 | C28: Indonesia | D28: Cereals | E28: Maize | F28: ='Food loss and waste (IDN)'!F28*'Emissions factors'!$D$103 -> 187.01865 | G28: ='Food loss and waste (IDN)'!G28*'Emissions factors'!$D$103 -> 198.87302 | H28: ='Food loss and waste (IDN)'!H28*'Emissions factors'!$D$103 -> 197.32489 | I28: ='Food loss and waste (IDN)'!I28*'Emissions factors'!$D$103 -> 78.123742 | J28: ='Food loss and waste (IDN)'!J28*'Emissions factors'!$D$103 -> 76.30435 | K28: =SUM(F28:J28) -> 737.64465 | L28: =F28/1000 -> 0.18701865 | M28: =G28/1000 -> 0.19887302 | N28: =H28/1000 -> 0.19732489 | O28: =I28/1000 -> 0.078123742 | P28: =J28/1000 -> 0.07630435 | Q28: =SUM(L28:P28) -> 0.73764465
A29: 2050 | B29: 2050 | C29: Indonesia | D29: Cereals | E29: Millet | F29: - | G29: - | H29: - | I29: - | J29: - | K29: - | L29: - | M29: - | N29: - | O29: - | P29: - | Q29: -
A30: 2050 | B30: 2050 | C30: Indonesia | D30: Cereals | E30: Oats | F30: - | G30: - | H30: - | I30: - | J30: - | K30: - | L30: - | M30: - | N30: - | O30: - | P30: - | Q30: -
A31: 2050 | B31: 2050 | C31: Indonesia | D31: Cereals | E31: Other cereals | F31: - | G31: - | H31: - | I31: - | J31: - | K31: - | L31: - | M31: - | N31: - | O31: - | P31: - | Q31: -
A32: 2050 | B32: 2050 | C32: Indonesia | D32: Cereals | E32: Rice | F32: ='Food loss and waste (IDN)'!F32*'Emissions factors'!$D$106 -> 6175.8118 | G32: ='Food loss and waste (IDN)'!G32*'Emissions factors'!$D$106 -> 6678.8456 | H32: ='Food loss and waste (IDN)'!H32*'Emissions factors'!$D$106 -> 6626.854 | I32: ='Food loss and waste (IDN)'!I32*'Emissions factors'!$D$106 -> 2623.6662 | J32: ='Food loss and waste (IDN)'!J32*'Emissions factors'!$D$106 -> 2562.5647 | K32: =SUM(F32:J32) -> 24667.742 | L32: =F32/1000 -> 6.1758118 | M32: =G32/1000 -> 6.6788456 | N32: =H32/1000 -> 6.626854 | O32: =I32/1000 -> 2.6236662 | P32: =J32/1000 -> 2.5625647 | Q32: =SUM(L32:P32) -> 24.667742
A33: 2050 | B33: 2050 | C33: Indonesia | D33: Cereals | E33: Rye | F33: - | G33: - | H33: - | I33: - | J33: - | K33: - | L33: - | M33: - | N33: - | O33: - | P33: - | Q33: -
A34: 2050 | B34: 2050 | C34: Indonesia | D34: Cereals | E34: Sorghum | F34: - | G34: - | H34: - | I34: - | J34: - | K34: - | L34: - | M34: - | N34: - | O34: - | P34: - | Q34: -
A35: 2050 | B35: 2050 | C35: Indonesia | D35: Cereals | E35: Wheat | F35: - | G35: - | H35: - | I35: - | J35: - | K35: - | L35: - | M35: - | N35: - | O35: - | P35: - | Q35: -
A36: 2050 | B36: 2050 | C36: Indonesia | D36: Fruits & Vegetables | E36: Apples | F36: - | G36: - | H36: - | I36: - | J36: - | K36: - | L36: - | M36: - | N36: - | O36: - | P36: - | Q36: -
A37: 2050 | B37: 2050 | C37: Indonesia | D37: Fruits & Vegetables | E37: Bananas | F37: ='Food loss and waste (IDN)'!F37*'Emissions factors'!$D$112 -> 328.44015 | G37: ='Food loss and waste (IDN)'!G37*'Emissions factors'!$D$112 -> 339.40099 | H37: ='Food loss and waste (IDN)'!H37*'Emissions factors'!$D$112 -> 774.82804 | I37: ='Food loss and waste (IDN)'!I37*'Emissions factors'!$D$112 -> 301.25314 | J37: ='Food loss and waste (IDN)'!J37*'Emissions factors'!$D$112 -> 367.41875 | K37: =SUM(F37:J37) -> 2111.3411 | L37: =F37/1000 -> 0.32844015 | M37: =G37/1000 -> 0.33940099 | N37: =H37/1000 -> 0.77482804 | O37: =I37/1000 -> 0.30125314 | P37: =J37/1000 -> 0.36741875 | Q37: =SUM(L37:P37) -> 2.1113411
A38: 2050 | B38: 2050 | C38: Indonesia | D38: Fruits & Vegetables | E38: Citrus | F38: ='Food loss and waste (IDN)'!F38*'Emissions factors'!$D$113 -> 37.198897 | G38: ='Food loss and waste (IDN)'!G38*'Emissions factors'!$D$113 -> 38.481524 | H38: ='Food loss and waste (IDN)'!H38*'Emissions factors'!$D$113 -> 87.850552 | I38: ='Food loss and waste (IDN)'!I38*'Emissions factors'!$D$113 -> 34.156295 | J38: ='Food loss and waste (IDN)'!J38*'Emissions factors'!$D$113 -> 41.658198 | K38: =SUM(F38:J38) -> 239.34547 | L38: =F38/1000 -> 0.037198897 | M38: =G38/1000 -> 0.038481524 | N38: =H38/1000 -> 0.087850552 | O38: =I38/1000 -> 0.034156295 | P38: =J38/1000 -> 0.041658198 | Q38: =SUM(L38:P38) -> 0.23934547
A39: 2050 | B39: 2050 | C39: Indonesia | D39: Fruits & Vegetables | E39: Grapes | F39: - | G39: - | H39: - | I39: - | J39: - | K39: - | L39: - | M39: - | N39: - | O39: - | P39: - | Q39: -
A40: 2050 | B40: 2050 | C40: Indonesia | D40: Fruits & Vegetables | E40: Other fruits | F40: ='Food loss and waste (IDN)'!F40*'Emissions factors'!$D$115 -> 11.513233 | G40: ='Food loss and waste (IDN)'!G40*'Emissions factors'!$D$115 -> 12.191954 | H40: ='Food loss and waste (IDN)'!H40*'Emissions factors'!$D$115 -> 27.833354 | I40: ='Food loss and waste (IDN)'!I40*'Emissions factors'!$D$115 -> 10.821608 | J40: ='Food loss and waste (IDN)'!J40*'Emissions factors'!$D$115 -> 13.198407 | K40: =SUM(F40:J40) -> 75.558557 | L40: =F40/1000 -> 0.011513233 | M40: =G40/1000 -> 0.012191954 | N40: =H40/1000 -> 0.027833354 | O40: =I40/1000 -> 0.010821608 | P40: =J40/1000 -> 0.013198407 | Q40: =SUM(L40:P40) -> 0.075558557
A41: 2050 | B41: 2050 | C41: Indonesia | D41: Fruits & Vegetables | E41: Vegetables | F41: ='Food loss and waste (IDN)'!F41*'Emissions factors'!$D$116 -> 1086.6901 | G41: ='Food loss and waste (IDN)'!G41*'Emissions factors'!$D$116 -> 1189.9221 | H41: ='Food loss and waste (IDN)'!H41*'Emissions factors'!$D$116 -> 2716.5065 | I41: ='Food loss and waste (IDN)'!I41*'Emissions factors'!$D$116 -> 1056.1777 | J41: ='Food loss and waste (IDN)'!J41*'Emissions factors'!$D$116 -> 1288.1509 | K41: =SUM(F41:J41) -> 7337.4472 | L41: =F41/1000 -> 1.0866901 | M41: =G41/1000 -> 1.1899221 | N41: =H41/1000 -> 2.7165065 | O41: =I41/1000 -> 1.0561777 | P41: =J41/1000 -> 1.2881509 | Q41: =SUM(L41:P41) -> 7.3374472
A42: 2050 | B42: 2050 | C42: Indonesia | D42: Marine | E42: Fish & Seafood | F42: ='Food loss and waste (IDN)'!F42*'Emissions factors'!$D$117 -> 6607.9577 | G42: ='Food loss and waste (IDN)'!G42*'Emissions factors'!$D$117 -> 18475.433 | H42: ='Food loss and waste (IDN)'!H42*'Emissions factors'!$D$117 -> 4865.6325 | I42: ='Food loss and waste (IDN)'!I42*'Emissions factors'!$D$117 -> 6065.984 | J42: ='Food loss and waste (IDN)'!J42*'Emissions factors'!$D$117 -> 862.61933 | K42: =SUM(F42:J42) -> 36877.626 | L42: =F42/1000 -> 6.6079577 | M42: =G42/1000 -> 18.475433 | N42: =H42/1000 -> 4.8656325 | O42: =I42/1000 -> 6.065984 | P42: =J42/1000 -> 0.86261933 | Q42: =SUM(L42:P42) -> 36.877626
A43: 2050 | B43: 2050 | C43: Indonesia | D43: Meat | E43: Bovine meat | F43: ='Food loss and waste (IDN)'!F43*'Emissions factors'!$D$118 -> 3355.2368 | G43: ='Food loss and waste (IDN)'!G43*'Emissions factors'!$D$118 -> 97.151167 | H43: ='Food loss and waste (IDN)'!H43*'Emissions factors'!$D$118 -> 2308.2655 | I43: ='Food loss and waste (IDN)'!I43*'Emissions factors'!$D$118 -> 3069.9931 | J43: ='Food loss and waste (IDN)'!J43*'Emissions factors'!$D$118 -> 1631.482 | K43: =SUM(F43:J43) -> 10462.129 | L43: =F43/1000 -> 3.3552368 | M43: =G43/1000 -> 0.097151167 | N43: =H43/1000 -> 2.3082655 | O43: =I43/1000 -> 3.0699931 | P43: =J43/1000 -> 1.631482 | Q43: =SUM(L43:P43) -> 10.462129
A44: 2050 | B44: 2050 | C44: Indonesia | D44: Meat | E44: Mutton & Goat | F44: ='Food loss and waste (IDN)'!F44*'Emissions factors'!$D$119 -> 376.02671 | G44: ='Food loss and waste (IDN)'!G44*'Emissions factors'!$D$119 -> 6.8333129 | H44: ='Food loss and waste (IDN)'!H44*'Emissions factors'!$D$119 -> 170.49116 | I44: ='Food loss and waste (IDN)'!I44*'Emissions factors'!$D$119 -> 226.75324 | J44: ='Food loss and waste (IDN)'!J44*'Emissions factors'!$D$119 -> 120.50315 | K44: =SUM(F44:J44) -> 900.60756 | L44: =F44/1000 -> 0.37602671 | M44: =G44/1000 -> 0.0068333129 | N44: =H44/1000 -> 0.17049116 | O44: =I44/1000 -> 0.22675324 | P44: =J44/1000 -> 0.12050315 | Q44: =SUM(L44:P44) -> 0.90060756
A45: 2050 | B45: 2050 | C45: Indonesia | D45: Meat | E45: Pigmeat | F45: ='Food loss and waste (IDN)'!F45*'Emissions factors'!$D$120 -> 519.90431 | G45: ='Food loss and waste (IDN)'!G45*'Emissions factors'!$D$120 -> 38.717082 | H45: ='Food loss and waste (IDN)'!H45*'Emissions factors'!$D$120 -> 409.948 | I45: ='Food loss and waste (IDN)'!I45*'Emissions factors'!$D$120 -> 545.23084 | J45: ='Food loss and waste (IDN)'!J45*'Emissions factors'!$D$120 -> 289.75125 | K45: =SUM(F45:J45) -> 1803.5515 | L45: =F45/1000 -> 0.51990431 | M45: =G45/1000 -> 0.038717082 | N45: =H45/1000 -> 0.409948 | O45: =I45/1000 -> 0.54523084 | P45: =J45/1000 -> 0.28975125 | Q45: =SUM(L45:P45) -> 1.8035515
A46: 2050 | B46: 2050 | C46: Indonesia | D46: Meat | E46: Poultry | F46: ='Food loss and waste (IDN)'!F46*'Emissions factors'!$D$121 -> 955.04657 | G46: ='Food loss and waste (IDN)'!G46*'Emissions factors'!$D$121 -> 70.315784 | H46: ='Food loss and waste (IDN)'!H46*'Emissions factors'!$D$121 -> 744.52447 | I46: ='Food loss and waste (IDN)'!I46*'Emissions factors'!$D$121 -> 990.21754 | J46: ='Food loss and waste (IDN)'!J46*'Emissions factors'!$D$121 -> 526.22989 | K46: =SUM(F46:J46) -> 3286.3343 | L46: =F46/1000 -> 0.95504657 | M46: =G46/1000 -> 0.070315784 | N46: =H46/1000 -> 0.74452447 | O46: =I46/1000 -> 0.99021754 | P46: =J46/1000 -> 0.52622989 | Q46: =SUM(L46:P46) -> 3.2863343
A47: 2050 | B47: 2050 | C47: Indonesia | D47: Milk & Eggs | E47: Eggs | F47: ='Food loss and waste (IDN)'!F47*'Emissions factors'!$D$122 -> 2231.3345 | G47: ='Food loss and waste (IDN)'!G47*'Emissions factors'!$D$122 -> 1858.1811 | H47: ='Food loss and waste (IDN)'!H47*'Emissions factors'!$D$122 -> 23.842802 | I47: ='Food loss and waste (IDN)'!I47*'Emissions factors'!$D$122 -> 714.56878 | J47: ='Food loss and waste (IDN)'!J47*'Emissions factors'!$D$122 -> 462.08781 | K47: =SUM(F47:J47) -> 5290.015 | L47: =F47/1000 -> 2.2313345 | M47: =G47/1000 -> 1.8581811 | N47: =H47/1000 -> 0.023842802 | O47: =I47/1000 -> 0.71456878 | P47: =J47/1000 -> 0.46208781 | Q47: =SUM(L47:P47) -> 5.290015
A48: 2050 | B48: 2050 | C48: Indonesia | D48: Milk & Eggs | E48: Milk | F48: ='Food loss and waste (IDN)'!F48*'Emissions factors'!$D$123 -> 117.42463 | G48: ='Food loss and waste (IDN)'!G48*'Emissions factors'!$D$123 -> 905.48386 | H48: ='Food loss and waste (IDN)'!H48*'Emissions factors'!$D$123 -> 368.84924 | I48: ='Food loss and waste (IDN)'!I48*'Emissions factors'!$D$123 -> 1807.3613 | J48: ='Food loss and waste (IDN)'!J48*'Emissions factors'!$D$123 -> 162.66251 | K48: =SUM(F48:J48) -> 3361.7815 | L48: =F48/1000 -> 0.11742463 | M48: =G48/1000 -> 0.90548386 | N48: =H48/1000 -> 0.36884924 | O48: =I48/1000 -> 1.8073613 | P48: =J48/1000 -> 0.16266251 | Q48: =SUM(L48:P48) -> 3.3617815
A49: 2050 | B49: 2050 | C49: Indonesia | D49: Oil crops & Pulses | E49: Oil crops | F49: ='Food loss and waste (IDN)'!F49*'Emissions factors'!$D$124 -> 25.376694 | G49: ='Food loss and waste (IDN)'!G49*'Emissions factors'!$D$124 -> 11.650718 | H49: ='Food loss and waste (IDN)'!H49*'Emissions factors'!$D$124 -> 26.481397 | I49: ='Food loss and waste (IDN)'!I49*'Emissions factors'!$D$124 -> 6.0907214 | J49: ='Food loss and waste (IDN)'!J49*'Emissions factors'!$D$124 -> 2.9844535 | K49: =SUM(F49:J49) -> 72.583985 | L49: =F49/1000 -> 0.025376694 | M49: =G49/1000 -> 0.011650718 | N49: =H49/1000 -> 0.026481397 | O49: =I49/1000 -> 0.0060907214 | P49: =J49/1000 -> 0.0029844535 | Q49: =SUM(L49:P49) -> 0.072583985
A50: 2050 | B50: 2050 | C50: Indonesia | D50: Oil crops & Pulses | E50: Pulses | F50: ='Food loss and waste (IDN)'!F50*'Emissions factors'!$D$125 -> 5.5194537 | G50: ='Food loss and waste (IDN)'!G50*'Emissions factors'!$D$125 -> 14.557165 | H50: ='Food loss and waste (IDN)'!H50*'Emissions factors'!$D$125 -> 33.087579 | I50: ='Food loss and waste (IDN)'!I50*'Emissions factors'!$D$125 -> 7.6101432 | J50: ='Food loss and waste (IDN)'!J50*'Emissions factors'!$D$125 -> 3.7289702 | K50: =SUM(F50:J50) -> 64.503311 | L50: =F50/1000 -> 0.0055194537 | M50: =G50/1000 -> 0.014557165 | N50: =H50/1000 -> 0.033087579 | O50: =I50/1000 -> 0.0076101432 | P50: =J50/1000 -> 0.0037289702 | Q50: =SUM(L50:P50) -> 0.064503311
A51: 2050 | B51: 2050 | C51: Indonesia | D51: Roots & Tubers | E51: Starchy Roots | F51: ='Food loss and waste (IDN)'!F51*'Emissions factors'!$D$126 -> 39.042793 | G51: ='Food loss and waste (IDN)'!G51*'Emissions factors'!$D$126 -> 46.786442 | H51: ='Food loss and waste (IDN)'!H51*'Emissions factors'!$D$126 -> 33.955907 | I51: ='Food loss and waste (IDN)'!I51*'Emissions factors'!$D$126 -> 32.944021 | J51: ='Food loss and waste (IDN)'!J51*'Emissions factors'!$D$126 -> 10.579175 | K51: =SUM(F51:J51) -> 163.30834 | L51: =F51/1000 -> 0.039042793 | M51: =G51/1000 -> 0.046786442 | N51: =H51/1000 -> 0.033955907 | O51: =I51/1000 -> 0.032944021 | P51: =J51/1000 -> 0.010579175 | Q51: =SUM(L51:P51) -> 0.16330834
O54: Emission 2020 | P54: =SUM(Q2:Q26) -> 75.41555
O55: Emission 2050 | P55: =SUM(Q27:Q51) -> 97.451519

Sheet Food loss and waste (IDN)
A1: Scenario | B1: Year | C1: Region | D1: Commodity group | E1: Commodity | F1: FSC1 FLW | G1: FSC2 FLW | H1: FSC3 FLW | I1: FSC4 FLW | J1: FSC5 FLW | K1: Total (1000 tonnes) | L1: FSC1 FLW (Mt) | M1: FSC2 FLW (Mt) | N1: FSC3 FLW (Mt) | O1: FSC4 FLW (Mt) | P1: FSC5 FLW (Mt) | Q1: Total (Mt)
A2: 2020 | B2: 2020 | C2: Indonesia | D2: Cereals | E2: Barley | F2: ='FSC data (IDN)'!O2*('Loss factors'!$E$68/100) -> 0 | G2: ='FSC data (IDN)'!P2*('Loss factors'!$F$68/100) -> 10.8076 | H2: ='FSC data (IDN)'!Q2*('Loss factors'!$G$68/100) -> 10.723468 | I2: ='FSC data (IDN)'!R2*('Loss factors'!$H$68/100) -> 4.2455742 | J2: ='FSC data (IDN)'!S2*('Loss factors'!$I$68/100) -> 4.1467007 | K2: =SUM(F2:J2) -> 29.923343 | L2: =F2/1000 -> 0 | M2: =G2/1000 -> 0.0108076 | N2: =H2/1000 -> 0.010723468 | O2: =I2/1000 -> 0.0042455742 | P2: =J2/1000 -> 0.0041467007 | Q2: =SUM(L2:P2) -> 0.029923343
A3: 2020 | B3: 2020 | C3: Indonesia | D3: Cereals | E3: Maize | F3: ='FSC data (IDN)'!O3*('Loss factors'!$E$68/100) -> 66.992063 | G3: ='FSC data (IDN)'!P3*('Loss factors'!$F$68/100) -> 71.238423 | H3: ='FSC data (IDN)'!Q3*('Loss factors'!$G$68/100) -> 70.683866 | I3: ='FSC data (IDN)'!R3*('Loss factors'!$H$68/100) -> 27.984752 | J3: ='FSC data (IDN)'!S3*('Loss factors'!$I$68/100) -> 27.333027 | K3: =SUM(F3:J3) -> 264.23213 | L3: =F3/1000 -> 0.066992063 | M3: =G3/1000 -> 0.071238423 | N3: =H3/1000 -> 0.070683866 | O3: =I3/1000 -> 0.027984752 | P3: =J3/1000 -> 0.027333027 | Q3: =SUM(L3:P3) -> 0.26423213
A4: 2020 | B4: 2020 | C4: Indonesia | D4: Cereals | E4: Millet | F4: ='FSC data (IDN)'!O4*('Loss factors'!$E$68/100) -> 0 | G4: ='FSC data (IDN)'!P4*('Loss factors'!$F$68/100) -> 1.5157 | H4: ='FSC data (IDN)'!Q4*('Loss factors'!$G$68/100) -> 1.503901 | I4: ='FSC data (IDN)'!R4*('Loss factors'!$H$68/100) -> 0.59541589 | J4: ='FSC data (IDN)'!S4*('Loss factors'!$I$68/100) -> 0.58154949 | K4: =SUM(F4:J4) -> 4.1965664 | L4: =F4/1000 -> 0 | M4: =G4/1000 -> 0.0015157 | N4: =H4/1000 -> 0.001503901 | O4: =I4/1000 -> 0.00059541589 | P4: =J4/1000 -> 0.00058154949 | Q4: =SUM(L4:P4) -> 0.0041965664
A5: 2020 | B5: 2020 | C5: Indonesia | D5: Cereals | E5: Oats | F5: ='FSC data (IDN)'!O5*('Loss factors'!$E$68/100) -> 0 | G5: ='FSC data (IDN)'!P5*('Loss factors'!$F$68/100) -> 1.1203 | H5: ='FSC data (IDN)'!Q5*('Loss factors'!$G$68/100) -> 1.111579 | I5: ='FSC data (IDN)'!R5*('Loss factors'!$H$68/100) -> 0.44009001 | J5: ='FSC data (IDN)'!S5*('Loss factors'!$I$68/100) -> 0.42984093 | K5: =SUM(F5:J5) -> 3.1018099 | L5: =F5/1000 -> 0 | M5: =G5/1000 -> 0.0011203 | N5: =H5/1000 -> 0.001111579 | O5: =I5/1000 -> 0.00044009001 | P5: =J5/1000 -> 0.00042984093 | Q5: =SUM(L5:P5) -> 0.0031018099
A6: 2020 | B6: 2020 | C6: Indonesia | D6: Cereals | E6: Other cereals | F6: ='FSC data (IDN)'!O6*('Loss factors'!$E$68/100) -> 0.02 | G6: ='FSC data (IDN)'!P6*('Loss factors'!$F$68/100) -> 0.064582 | H6: ='FSC data (IDN)'!Q6*('Loss factors'!$G$68/100) -> 0.06407926 | I6: ='FSC data (IDN)'!R6*('Loss factors'!$H$68/100) -> 0.025369894 | J6: ='FSC data (IDN)'!S6*('Loss factors'!$I$68/100) -> 0.024779065 | K6: =SUM(F6:J6) -> 0.19881022 | L6: =F6/1000 -> 2e-05 | M6: =G6/1000 -> 6.4582e-05 | N6: =H6/1000 -> 6.407926e-05 | O6: =I6/1000 -> 2.5369894e-05 | P6: =J6/1000 -> 2.4779065e-05 | Q6: =SUM(L6:P6) -> 0.00019881022
A7: 2020 | B7: 2020 | C7: Indonesia | D7: Cereals | E7: Rice | F7: ='FSC data (IDN)'!O7*('Loss factors'!$E$68/100) -> 3155.9683 | G7: ='FSC data (IDN)'!P7*('Loss factors'!$F$68/100) -> 3413.029 | H7: ='FSC data (IDN)'!Q7*('Loss factors'!$G$68/100) -> 3386.4602 | I7: ='FSC data (IDN)'!R7*('Loss factors'!$H$68/100) -> 1340.748 | J7: ='FSC data (IDN)'!S7*('Loss factors'!$I$68/100) -> 1309.5238 | K7: =SUM(F7:J7) -> 12605.729 | L7: =F7/1000 -> 3.1559683 | M7: =G7/1000 -> 3.413029 | N7: =H7/1000 -> 3.3864602 | O7: =I7/1000 -> 1.340748 | P7: =J7/1000 -> 1.3095238 | Q7: =SUM(L7:P7) -> 12.605729
A8: 2020 | B8: 2020 | C8: Indonesia | D8: Cereals | E8: Rye | F8: - | G8: - | H8: - | I8: - | J8: - | K8: - | L8: - | M8: - | N8: - | O8: - | P8: - | Q8: -
A9: 2020 | B9: 2020 | C9: Indonesia | D9: Cereals | E9: Sorghum | F9: - | G9: - | H9: - | I9: - | J9: - | K9: - | L9: - | M9: - | N9: - | O9: - | P9: - | Q9: -
A10: 2020 | B10: 2020 | C10: Indonesia | D10: Cereals | E10: Wheat | F10: ='FSC data (IDN)'!O10*('Loss factors'!$E$68/100) -> 0 | G10: ='FSC data (IDN)'!P10*('Loss factors'!$F$68/100) -> 634.35457 | H10: ='FSC data (IDN)'!Q10*('Loss factors'!$G$68/100) -> 629.41642 | I10: ='FSC data (IDN)'!R10*('Loss factors'!$H$68/100) -> 249.19495 | J10: ='FSC data (IDN)'!S10*('Loss factors'!$I$68/100) -> 243.39155 | K10: =SUM(F10:J10) -> 1756.3575 | L10: =F10/1000 -> 0 | M10: =G10/1000 -> 0.63435457 | N10: =H10/1000 -> 0.62941642 | O10: =I10/1000 -> 0.24919495 | P10: =J10/1000 -> 0.24339155 | Q10: =SUM(L10:P10) -> 1.7563575
A11: 2020 | B11: 2020 | C11: Indonesia | D11: Fruits & Vegetables | E11: Apples | F11: ='FSC data (IDN)'!O11*('Loss factors'!$E$69/100) -> 13.3263 | G11: ='FSC data (IDN)'!P11*('Loss factors'!$F$69/100) -> 13.785794 | H11: ='FSC data (IDN)'!Q11*('Loss factors'!$G$69/100) -> 31.471976 | I11: ='FSC data (IDN)'!R11*('Loss factors'!$H$69/100) -> 12.236304 | J11: ='FSC data (IDN)'!S11*('Loss factors'!$I$69/100) -> 14.92382 | K11: =SUM(F11:J11) -> 85.744195 | L11: =F11/1000 -> 0.0133263 | M11: =G11/1000 -> 0.013785794 | N11: =H11/1000 -> 0.031471976 | O11: =I11/1000 -> 0.012236304 | P11: =J11/1000 -> 0.01492382 | Q11: =SUM(L11:P11) -> 0.085744195
A12: 2020 | B12: 2020 | C12: Indonesia | D12: Fruits & Vegetables | E12: Bananas | F12: ='FSC data (IDN)'!O12*('Loss factors'!$E$69/100) -> 712.7393 | G12: ='FSC data (IDN)'!P12*('Loss factors'!$F$69/100) -> 736.52513 | H12: ='FSC data (IDN)'!Q12*('Loss factors'!$G$69/100) -> 1681.4339 | I12: ='FSC data (IDN)'!R12*('Loss factors'!$H$69/100) -> 653.7415 | J12: ='FSC data (IDN)'!S12*('Loss factors'!$I$69/100) -> 797.32573 | K12: =SUM(F12:J12) -> 4581.7655 | L12: =F12/1000 -> 0.7127393 | M12: =G12/1000 -> 0.73652513 | N12: =H12/1000 -> 1.6814339 | O12: =I12/1000 -> 0.6537415 | P12: =J12/1000 -> 0.79732573 | Q12: =SUM(L12:P12) -> 4.5817655
A13: 2020 | B13: 2020 | C13: Indonesia | D13: Fruits & Vegetables | E13: Citrus | F13: ='FSC data (IDN)'!O13*('Loss factors'!$E$69/100) -> 0.7839 | G13: ='FSC data (IDN)'!P13*('Loss factors'!$F$69/100) -> 0.81092907 | H13: ='FSC data (IDN)'!Q13*('Loss factors'!$G$69/100) -> 1.8512927 | I13: ='FSC data (IDN)'!R13*('Loss factors'!$H$69/100) -> 0.71978261 | J13: ='FSC data (IDN)'!S13*('Loss factors'!$I$69/100) -> 0.87787176 | K13: =SUM(F13:J13) -> 5.0437762 | L13: =F13/1000 -> 0.0007839 | M13: =G13/1000 -> 0.00081092907 | N13: =H13/1000 -> 0.0018512927 | O13: =I13/1000 -> 0.00071978261 | P13: =J13/1000 -> 0.00087787176 | Q13: =SUM(L13:P13) -> 0.0050437762
A14: 2020 | B14: 2020 | C14: Indonesia | D14: Fruits & Vegetables | E14: Grapes | F14: ='FSC data (IDN)'!O14*('Loss factors'!$E$69/100) -> 0 | G14: ='FSC data (IDN)'!P14*('Loss factors'!$F$69/100) -> 9.1791 | H14: ='FSC data (IDN)'!Q14*('Loss factors'!$G$69/100) -> 20.955225 | I14: ='FSC data (IDN)'!R14*('Loss factors'!$H$69/100) -> 8.1473915 | J14: ='FSC data (IDN)'!S14*('Loss factors'!$I$69/100) -> 9.9368403 | K14: =SUM(F14:J14) -> 48.218557 | L14: =F14/1000 -> 0 | M14: =G14/1000 -> 0.0091791 | N14: =H14/1000 -> 0.020955225 | O14: =I14/1000 -> 0.0081473915 | P14: =J14/1000 -> 0.0099368403 | Q14: =SUM(L14:P14) -> 0.048218557
A15: 2020 | B15: 2020 | C15: Indonesia | D15: Fruits & Vegetables | E15: Other fruits | F15: ='FSC data (IDN)'!O15*('Loss factors'!$E$69/100) -> 762.2992 | G15: ='FSC data (IDN)'!P15*('Loss factors'!$F$69/100) -> 807.23777 | H15: ='FSC data (IDN)'!Q15*('Loss factors'!$G$69/100) -> 1842.8658 | I15: ='FSC data (IDN)'!R15*('Loss factors'!$H$69/100) -> 716.50621 | J15: ='FSC data (IDN)'!S15*('Loss factors'!$I$69/100) -> 873.87574 | K15: =SUM(F15:J15) -> 5002.7847 | L15: =F15/1000 -> 0.7622992 | M15: =G15/1000 -> 0.80723777 | N15: =H15/1000 -> 1.8428658 | O15: =I15/1000 -> 0.71650621 | P15: =J15/1000 -> 0.87387574 | Q15: =SUM(L15:P15) -> 5.0027847
A16: 2020 | B16: 2020 | C16: Indonesia | D16: Fruits & Vegetables | E16: Vegetables | F16: ='FSC data (IDN)'!O16*('Loss factors'!$E$69/100) -> 919.8631 | G16: ='FSC data (IDN)'!P16*('Loss factors'!$F$69/100) -> 1007.247 | H16: ='FSC data (IDN)'!Q16*('Loss factors'!$G$69/100) -> 2299.4725 | I16: ='FSC data (IDN)'!R16*('Loss factors'!$H$69/100) -> 894.0349 | J16: ='FSC data (IDN)'!S16*('Loss factors'!$I$69/100) -> 1090.3959 | K16: =SUM(F16:J16) -> 6211.0133 | L16: =F16/1000 -> 0.9198631 | M16: =G16/1000 -> 1.007247 | N16: =H16/1000 -> 2.2994725 | O16: =I16/1000 -> 0.8940349 | P16: =J16/1000 -> 1.0903959 | Q16: =SUM(L16:P16) -> 6.2110133
A17: 2020 | B17: 2020 | C17: Indonesia | D17: Marine | E17: Fish & Seafood | F17: ='FSC data (IDN)'!O17*('Loss factors'!$E$70/100) -> 808.69153 | G17: ='FSC data (IDN)'!P17*('Loss factors'!$F$70/100) -> 2261.0505 | H17: ='FSC data (IDN)'!Q17*('Loss factors'!$G$70/100) -> 595.46322 | I17: ='FSC data (IDN)'!R17*('Loss factors'!$H$70/100) -> 742.364 | J17: ='FSC data (IDN)'!S17*('Loss factors'!$I$70/100) -> 105.56862 | K17: =SUM(F17:J17) -> 4513.1378 | L17: =F17/1000 -> 0.80869153 | M17: =G17/1000 -> 2.2610505 | N17: =H17/1000 -> 0.59546322 | O17: =I17/1000 -> 0.742364 | P17: =J17/1000 -> 0.10556862 | Q17: =SUM(L17:P17) -> 4.5131378
A18: 2020 | B18: 2020 | C18: Indonesia | D18: Meat | E18: Bovine meat | F18: ='FSC data (IDN)'!O18*('Loss factors'!$E$71/100) -> 47.2 | G18: ='FSC data (IDN)'!P18*('Loss factors'!$F$71/100) -> 1.36668 | H18: ='FSC data (IDN)'!Q18*('Loss factors'!$G$71/100) -> 32.471666 | I18: ='FSC data (IDN)'!R18*('Loss factors'!$H$71/100) -> 43.187316 | J18: ='FSC data (IDN)'!S18*('Loss factors'!$I$71/100) -> 22.950974 | K18: =SUM(F18:J18) -> 147.17664 | L18: =F18/1000 -> 0.0472 | M18: =G18/1000 -> 0.00136668 | N18: =H18/1000 -> 0.032471666 | O18: =I18/1000 -> 0.043187316 | P18: =J18/1000 -> 0.022950974 | Q18: =SUM(L18:P18) -> 0.14717664
A19: 2020 | B19: 2020 | C19: Indonesia | D19: Meat | E19: Mutton & Goat | F19: ='FSC data (IDN)'!O19*('Loss factors'!$E$72/100) -> 11.6 | G19: ='FSC data (IDN)'!P19*('Loss factors'!$F$72/100) -> 0.2108 | H19: ='FSC data (IDN)'!Q19*('Loss factors'!$G$72/100) -> 5.25946 | I19: ='FSC data (IDN)'!R19*('Loss factors'!$H$72/100) -> 6.9950818 | J19: ='FSC data (IDN)'!S19*('Loss factors'!$I$72/100) -> 3.7173863 | K19: =SUM(F19:J19) -> 27.782728 | L19: =F19/1000 -> 0.0116 | M19: =G19/1000 -> 0.0002108 | N19: =H19/1000 -> 0.00525946 | O19: =I19/1000 -> 0.0069950818 | P19: =J19/1000 -> 0.0037173863 | Q19: =SUM(L19:P19) -> 0.027782728
A20: 2020 | B20: 2020 | C20: Indonesia | D20: Meat | E20: Pigmeat | F20: ='FSC data (IDN)'!O20*('Loss factors'!$E$73/100) -> 16.86 | G20: ='FSC data (IDN)'!P20*('Loss factors'!$F$73/100) -> 1.255558 | H20: ='FSC data (IDN)'!Q20*('Loss factors'!$G$73/100) -> 13.294222 | I20: ='FSC data (IDN)'!R20*('Loss factors'!$H$73/100) -> 17.681315 | J20: ='FSC data (IDN)'!S20*('Loss factors'!$I$73/100) -> 9.3963562 | K20: =SUM(F20:J20) -> 58.487452 | L20: =F20/1000 -> 0.01686 | M20: =G20/1000 -> 0.001255558 | N20: =H20/1000 -> 0.013294222 | O20: =I20/1000 -> 0.017681315 | P20: =J20/1000 -> 0.0093963562 | Q20: =SUM(L20:P20) -> 0.058487452
A21: 2020 | B21: 2020 | C21: Indonesia | D21: Meat | E21: Poultry | F21: ='FSC data (IDN)'!O21*('Loss factors'!$E$73/100) -> 220.98 | G21: ='FSC data (IDN)'!P21*('Loss factors'!$F$73/100) -> 16.266794 | H21: ='FSC data (IDN)'!Q21*('Loss factors'!$G$73/100) -> 172.23766 | I21: ='FSC data (IDN)'!R21*('Loss factors'!$H$73/100) -> 229.07609 | J21: ='FSC data (IDN)'!S21*('Loss factors'!$I$73/100) -> 121.73758 | K21: =SUM(F21:J21) -> 760.29812 | L21: =F21/1000 -> 0.22098 | M21: =G21/1000 -> 0.016266794 | N21: =H21/1000 -> 0.17223766 | O21: =I21/1000 -> 0.22907609 | P21: =J21/1000 -> 0.12173758 | Q21: =SUM(L21:P21) -> 0.76029812
A22: 2020 | B22: 2020 | C22: Indonesia | D22: Milk & Eggs | E22: Eggs | F22: ='FSC data (IDN)'!O22*('Loss factors'!$E$75/100) -> 385.03903 | G22: ='FSC data (IDN)'!P22*('Loss factors'!$F$75/100) -> 320.64768 | H22: ='FSC data (IDN)'!Q22*('Loss factors'!$G$75/100) -> 4.1143133 | I22: ='FSC data (IDN)'!R22*('Loss factors'!$H$75/100) -> 123.30597 | J22: ='FSC data (IDN)'!S22*('Loss factors'!$I$75/100) -> 79.73786 | K22: =SUM(F22:J22) -> 912.84485 | L22: =F22/1000 -> 0.38503903 | M22: =G22/1000 -> 0.32064768 | N22: =H22/1000 -> 0.0041143133 | O22: =I22/1000 -> 0.12330597 | P22: =J22/1000 -> 0.07973786 | Q22: =SUM(L22:P22) -> 0.91284485
A23: 2020 | B23: 2020 | C23: Indonesia | D23: Milk & Eggs | E23: Milk | F23: ='FSC data (IDN)'!O23*('Loss factors'!$E$76/100) -> 26.84162 | G23: ='FSC data (IDN)'!P23*('Loss factors'!$F$76/100) -> 206.98088 | H23: ='FSC data (IDN)'!Q23*('Loss factors'!$G$76/100) -> 84.313749 | I23: ='FSC data (IDN)'!R23*('Loss factors'!$H$76/100) -> 413.13737 | J23: ='FSC data (IDN)'!S23*('Loss factors'!$I$76/100) -> 37.182363 | K23: =SUM(F23:J23) -> 768.45598 | L23: =F23/1000 -> 0.02684162 | M23: =G23/1000 -> 0.20698088 | N23: =H23/1000 -> 0.084313749 | O23: =I23/1000 -> 0.41313737 | P23: =J23/1000 -> 0.037182363 | Q23: =SUM(L23:P23) -> 0.76845598
A24: 2020 | B24: 2020 | C24: Indonesia | D24: Oil crops & Pulses | E24: Oil crops | F24: ='FSC data (IDN)'!O24*('Loss factors'!$E$77/100) -> 13.58315 | G24: ='FSC data (IDN)'!P24*('Loss factors'!$F$77/100) -> 6.2361729 | H24: ='FSC data (IDN)'!Q24*('Loss factors'!$G$77/100) -> 14.174454 | I24: ='FSC data (IDN)'!R24*('Loss factors'!$H$77/100) -> 3.2601245 | J24: ='FSC data (IDN)'!S24*('Loss factors'!$I$77/100) -> 1.597461 | K24: =SUM(F24:J24) -> 38.851363 | L24: =F24/1000 -> 0.01358315 | M24: =G24/1000 -> 0.0062361729 | N24: =H24/1000 -> 0.014174454 | O24: =I24/1000 -> 0.0032601245 | P24: =J24/1000 -> 0.001597461 | Q24: =SUM(L24:P24) -> 0.038851363
A25: 2020 | B25: 2020 | C25: Indonesia | D25: Oil crops & Pulses | E25: Pulses | F25: ='FSC data (IDN)'!O25*('Loss factors'!$E$77/100) -> 0.20363636 | G25: ='FSC data (IDN)'!P25*('Loss factors'!$F$77/100) -> 0.53707636 | H25: ='FSC data (IDN)'!Q25*('Loss factors'!$G$77/100) -> 1.220743 | I25: ='FSC data (IDN)'!R25*('Loss factors'!$H$77/100) -> 0.28077089 | J25: ='FSC data (IDN)'!S25*('Loss factors'!$I$77/100) -> 0.13757773 | K25: =SUM(F25:J25) -> 2.3798043 | L25: =F25/1000 -> 0.00020363636 | M25: =G25/1000 -> 0.00053707636 | N25: =H25/1000 -> 0.001220743 | O25: =I25/1000 -> 0.00028077089 | P25: =J25/1000 -> 0.00013757773 | Q25: =SUM(L25:P25) -> 0.0023798043
A26: 2020 | B26: 2020 | C26: Indonesia | D26: Roots & Tubers | E26: Starchy Roots | F26: ='FSC data (IDN)'!O26*('Loss factors'!$E$78/100) -> 26.790861 | G26: ='FSC data (IDN)'!P26*('Loss factors'!$F$78/100) -> 32.104492 | H26: ='FSC data (IDN)'!Q26*('Loss factors'!$G$78/100) -> 23.300279 | I26: ='FSC data (IDN)'!R26*('Loss factors'!$H$78/100) -> 22.605931 | J26: ='FSC data (IDN)'!S26*('Loss factors'!$I$78/100) -> 7.2593475 | K26: =SUM(F26:J26) -> 112.06091 | L26: =F26/1000 -> 0.026790861 | M26: =G26/1000 -> 0.032104492 | N26: =H26/1000 -> 0.023300279 | O26: =I26/1000 -> 0.022605931 | P26: =J26/1000 -> 0.0072593475 | Q26: =SUM(L26:P26) -> 0.11206091
A27: 2050 | B27: 2050 | C27: Indonesia | D27: Cereals | E27: Barley | F27: - | G27: - | H27: - | I27: - | J27: - | K27: - | L27: - | M27: - | N27: - | O27: - | P27: - | Q27: -
A28: 2050 | B28: 2050 | C28: Indonesia | D28: Cereals | E28: Maize | F28: ='FSC data (IDN)'!O28*('Loss factors'!$E$68/100) -> 108.10327 | G28: ='FSC data (IDN)'!P28*('Loss factors'!$F$68/100) -> 114.9555 | H28: ='FSC data (IDN)'!Q28*('Loss factors'!$G$68/100) -> 114.06063 | I28: ='FSC data (IDN)'!R28*('Loss factors'!$H$68/100) -> 45.158232 | J28: ='FSC data (IDN)'!S28*('Loss factors'!$I$68/100) -> 44.106561 | K28: =SUM(F28:J28) -> 426.38419 | L28: =F28/1000 -> 0.10810327 | M28: =G28/1000 -> 0.1149555 | N28: =H28/1000 -> 0.11406063 | O28: =I28/1000 -> 0.045158232 | P28: =J28/1000 -> 0.044106561 | Q28: =SUM(L28:P28) -> 0.42638419
A29: 2050 | B29: 2050 | C29: Indonesia | D29: Cereals | E29: Millet | F29: - | G29: - | H29: - | I29: - | J29: - | K29: - | L29: - | M29: - | N29: - | O29: - | P29: - | Q29: -
A30: 2050 | B30: 2050 | C30: Indonesia | D30: Cereals | E30: Oats | F30: - | G30: - | H30: - | I30: - | J30: - | K30: - | L30: - | M30: - | N30: - | O30: - | P30: - | Q30: -
A31: 2050 | B31: 2050 | C31: Indonesia | D31: Cereals | E31: Other cereals | F31: - | G31: - | H31: - | I31: - | J31: - | K31: - | L31: - | M31: - | N31: - | O31: - | P31: - | Q31: -
A32: 2050 | B32: 2050 | C32: Indonesia | D32: Cereals | E32: Rice | F32: ='FSC data (IDN)'!O32*('Loss factors'!$E$68/100) -> 3233.4093 | G32: ='FSC data (IDN)'!P32*('Loss factors'!$F$68/100) -> 3496.7778 | H32: ='FSC data (IDN)'!Q32*('Loss factors'!$G$68/100) -> 3469.5571 | I32: ='FSC data (IDN)'!R32*('Loss factors'!$H$68/100) -> 1373.6472 | J32: ='FSC data (IDN)'!S32*('Loss factors'!$I$68/100) -> 1341.6569 | K32: =SUM(F32:J32) -> 12915.048 | L32: =F32/1000 -> 3.2334093 | M32: =G32/1000 -> 3.4967778 | N32: =H32/1000 -> 3.4695571 | O32: =I32/1000 -> 1.3736472 | P32: =J32/1000 -> 1.3416569 | Q32: =SUM(L32:P32) -> 12.915048
A33: 2050 | B33: 2050 | C33: Indonesia | D33: Cereals | E33: Rye | F33: - | G33: - | H33: - | I33: - | J33: - | K33: - | L33: - | M33: - | N33: - | O33: - | P33: - | Q33: -
A34: 2050 | B34: 2050 | C34: Indonesia | D34: Cereals | E34: Sorghum | F34: - | G34: - | H34: - | I34: - | J34: - | K34: - | L34: - | M34: - | N34: - | O34: - | P34: - | Q34: -
A35: 2050 | B35: 2050 | C35: Indonesia | D35: Cereals | E35: Wheat | F35: - | G35: - | H35: - | I35: - | J35: - | K35: - | L35: - | M35: - | N35: - | O35: - | P35: - | Q35: -
A36: 2050 | B36: 2050 | C36: Indonesia | D36: Fruits & Vegetables | E36: Apples | F36: - | G36: - | H36: - | I36: - | J36: - | K36: - | L36: - | M36: - | N36: - | O36: - | P36: - | Q36: -
A37: 2050 | B37: 2050 | C37: Indonesia | D37: Fruits & Vegetables | E37: Bananas | F37: ='FSC data (IDN)'!O37*('Loss factors'!$E$69/100) -> 729.86699 | G37: ='FSC data (IDN)'!P37*('Loss factors'!$F$69/100) -> 754.22442 | H37: ='FSC data (IDN)'!Q37*('Loss factors'!$G$69/100) -> 1721.8401 | I37: ='FSC data (IDN)'!R37*('Loss factors'!$H$69/100) -> 669.45143 | J37: ='FSC data (IDN)'!S37*('Loss factors'!$I$69/100) -> 816.4861 | K37: =SUM(F37:J37) -> 4691.869 | L37: =F37/1000 -> 0.72986699 | M37: =G37/1000 -> 0.75422442 | N37: =H37/1000 -> 1.7218401 | O37: =I37/1000 -> 0.66945143 | P37: =J37/1000 -> 0.8164861 | Q37: =SUM(L37:P37) -> 4.691869
A38: 2050 | B38: 2050 | C38: Indonesia | D38: Fruits & Vegetables | E38: Citrus | F38: ='FSC data (IDN)'!O38*('Loss factors'!$E$69/100) -> 161.73434 | G38: ='FSC data (IDN)'!P38*('Loss factors'!$F$69/100) -> 167.31098 | H38: ='FSC data (IDN)'!Q38*('Loss factors'!$G$69/100) -> 381.95892 | I38: ='FSC data (IDN)'!R38*('Loss factors'!$H$69/100) -> 148.50563 | J38: ='FSC data (IDN)'!S38*('Loss factors'!$I$69/100) -> 181.1226 | K38: =SUM(F38:J38) -> 1040.6325 | L38: =F38/1000 -> 0.16173434 | M38: =G38/1000 -> 0.16731098 | N38: =H38/1000 -> 0.38195892 | O38: =I38/1000 -> 0.14850563 | P38: =J38/1000 -> 0.1811226 | Q38: =SUM(L38:P38) -> 1.0406325
A39: 2050 | B39: 2050 | C39: Indonesia | D39: Fruits & Vegetables | E39: Grapes | F39: - | G39: - | H39: - | I39: - | J39: - | K39: - | L39: - | M39: - | N39: - | O39: - | P39: - | Q39: -
A40: 2050 | B40: 2050 | C40: Indonesia | D40: Fruits & Vegetables | E40: Other fruits | F40: ='FSC data (IDN)'!O40*('Loss factors'!$E$69/100) -> 13.70623 | G40: ='FSC data (IDN)'!P40*('Loss factors'!$F$69/100) -> 14.514231 | H40: ='FSC data (IDN)'!Q40*('Loss factors'!$G$69/100) -> 33.134945 | I40: ='FSC data (IDN)'!R40*('Loss factors'!$H$69/100) -> 12.882867 | J40: ='FSC data (IDN)'!S40*('Loss factors'!$I$69/100) -> 15.71239 | K40: =SUM(F40:J40) -> 89.950663 | L40: =F40/1000 -> 0.01370623 | M40: =G40/1000 -> 0.014514231 | N40: =H40/1000 -> 0.033134945 | O40: =I40/1000 -> 0.012882867 | P40: =J40/1000 -> 0.01571239 | Q40: =SUM(L40:P40) -> 0.089950663
A41: 2050 | B41: 2050 | C41: Indonesia | D41: Fruits & Vegetables | E41: Vegetables | F41: ='FSC data (IDN)'!O41*('Loss factors'!$E$69/100) -> 1341.5928 | G41: ='FSC data (IDN)'!P41*('Loss factors'!$F$69/100) -> 1469.0396 | H41: ='FSC data (IDN)'!Q41*('Loss factors'!$G$69/100) -> 3353.7117 | I41: ='FSC data (IDN)'!R41*('Loss factors'!$H$69/100) -> 1303.9231 | J41: ='FSC data (IDN)'!S41*('Loss factors'!$I$69/100) -> 1590.3097 | K41: =SUM(F41:J41) -> 9058.5768 | L41: =F41/1000 -> 1.3415928 | M41: =G41/1000 -> 1.4690396 | N41: =H41/1000 -> 3.3537117 | O41: =I41/1000 -> 1.3039231 | P41: =J41/1000 -> 1.5903097 | Q41: =SUM(L41:P41) -> 9.0585768
A42: 2050 | B42: 2050 | C42: Indonesia | D42: Marine | E42: Fish & Seafood | F42: ='FSC data (IDN)'!O42*('Loss factors'!$E$70/100) -> 1249.1413 | G42: ='FSC data (IDN)'!P42*('Loss factors'!$F$70/100) -> 3492.5203 | H42: ='FSC data (IDN)'!Q42*('Loss factors'!$G$70/100) -> 919.7793 | I42: ='FSC data (IDN)'!R42*('Loss factors'!$H$70/100) -> 1146.6888 | J42: ='FSC data (IDN)'!S42*('Loss factors'!$I$70/100) -> 163.06604 | K42: =SUM(F42:J42) -> 6971.1958 | L42: =F42/1000 -> 1.2491413 | M42: =G42/1000 -> 3.4925203 | N42: =H42/1000 -> 0.9197793 | O42: =I42/1000 -> 1.1466888 | P42: =J42/1000 -> 0.16306604 | Q42: =SUM(L42:P42) -> 6.9711958
A43: 2050 | B43: 2050 | C43: Indonesia | D43: Meat | E43: Bovine meat | F43: ='FSC data (IDN)'!O43*('Loss factors'!$E$71/100) -> 85.8556 | G43: ='FSC data (IDN)'!P43*('Loss factors'!$F$71/100) -> 2.4859562 | H43: ='FSC data (IDN)'!Q43*('Loss factors'!$G$71/100) -> 59.065135 | I43: ='FSC data (IDN)'!R43*('Loss factors'!$H$71/100) -> 78.556629 | J43: ='FSC data (IDN)'!S43*('Loss factors'!$I$71/100) -> 41.747237 | K43: =SUM(F43:J43) -> 267.71056 | L43: =F43/1000 -> 0.0858556 | M43: =G43/1000 -> 0.0024859562 | N43: =H43/1000 -> 0.059065135 | O43: =I43/1000 -> 0.078556629 | P43: =J43/1000 -> 0.041747237 | Q43: =SUM(L43:P43) -> 0.26771056
A44: 2050 | B44: 2050 | C44: Indonesia | D44: Meat | E44: Mutton & Goat | F44: ='FSC data (IDN)'!O44*('Loss factors'!$E$72/100) -> 23.9355 | G44: ='FSC data (IDN)'!P44*('Loss factors'!$F$72/100) -> 0.43496581 | H44: ='FSC data (IDN)'!Q44*('Loss factors'!$G$72/100) -> 10.852397 | I44: ='FSC data (IDN)'!R44*('Loss factors'!$H$72/100) -> 14.433688 | J44: ='FSC data (IDN)'!S44*('Loss factors'!$I$72/100) -> 7.6704742 | K44: =SUM(F44:J44) -> 57.327025 | L44: =F44/1000 -> 0.0239355 | M44: =G44/1000 -> 0.00043496581 | N44: =H44/1000 -> 0.010852397 | O44: =I44/1000 -> 0.014433688 | P44: =J44/1000 -> 0.0076704742 | Q44: =SUM(L44:P44) -> 0.057327025
A45: 2050 | B45: 2050 | C45: Indonesia | D45: Meat | E45: Pigmeat | F45: ='FSC data (IDN)'!O45*('Loss factors'!$E$73/100) -> 75.13068 | G45: ='FSC data (IDN)'!P45*('Loss factors'!$F$73/100) -> 5.5949541 | H45: ='FSC data (IDN)'!Q45*('Loss factors'!$G$73/100) -> 59.241041 | I45: ='FSC data (IDN)'!R45*('Loss factors'!$H$73/100) -> 78.790584 | J45: ='FSC data (IDN)'!S45*('Loss factors'!$I$73/100) -> 41.871568 | K45: =SUM(F45:J45) -> 260.62883 | L45: =F45/1000 -> 0.07513068 | M45: =G45/1000 -> 0.0055949541 | N45: =H45/1000 -> 0.059241041 | O45: =I45/1000 -> 0.078790584 | P45: =J45/1000 -> 0.041871568 | Q45: =SUM(L45:P45) -> 0.26062883
A46: 2050 | B46: 2050 | C46: Indonesia | D46: Meat | E46: Poultry | F46: ='FSC data (IDN)'!O46*('Loss factors'!$E$73/100) -> 204.06978 | G46: ='FSC data (IDN)'!P46*('Loss factors'!$F$73/100) -> 15.02474 | H46: ='FSC data (IDN)'!Q46*('Loss factors'!$G$73/100) -> 159.08642 | I46: ='FSC data (IDN)'!R46*('Loss factors'!$H$73/100) -> 211.58494 | J46: ='FSC data (IDN)'!S46*('Loss factors'!$I$73/100) -> 112.44228 | K46: =SUM(F46:J46) -> 702.20817 | L46: =F46/1000 -> 0.20406978 | M46: =G46/1000 -> 0.01502474 | N46: =H46/1000 -> 0.15908642 | O46: =I46/1000 -> 0.21158494 | P46: =J46/1000 -> 0.11244228 | Q46: =SUM(L46:P46) -> 0.70220817
A47: 2050 | B47: 2050 | C47: Indonesia | D47: Milk & Eggs | E47: Eggs | F47: ='FSC data (IDN)'!O47*('Loss factors'!$E$75/100) -> 729.19429 | G47: ='FSC data (IDN)'!P47*('Loss factors'!$F$75/100) -> 607.24872 | H47: ='FSC data (IDN)'!Q47*('Loss factors'!$G$75/100) -> 7.7917654 | I47: ='FSC data (IDN)'!R47*('Loss factors'!$H$75/100) -> 233.51921 | J47: ='FSC data (IDN)'!S47*('Loss factors'!$I$75/100) -> 151.00909 | K47: =SUM(F47:J47) -> 1728.7631 | L47: =F47/1000 -> 0.72919429 | M47: =G47/1000 -> 0.60724872 | N47: =H47/1000 -> 0.0077917654 | O47: =I47/1000 -> 0.23351921 | P47: =J47/1000 -> 0.15100909 | Q47: =SUM(L47:P47) -> 1.7287631
A48: 2050 | B48: 2050 | C48: Indonesia | D48: Milk & Eggs | E48: Milk | F48: ='FSC data (IDN)'!O48*('Loss factors'!$E$76/100) -> 50.833174 | G48: ='FSC data (IDN)'!P48*('Loss factors'!$F$76/100) -> 391.98436 | H48: ='FSC data (IDN)'!Q48*('Loss factors'!$G$76/100) -> 159.67499 | I48: ='FSC data (IDN)'!R48*('Loss factors'!$H$76/100) -> 782.40747 | J48: ='FSC data (IDN)'!S48*('Loss factors'!$I$76/100) -> 70.416673 | K48: =SUM(F48:J48) -> 1455.3167 | L48: =F48/1000 -> 0.050833174 | M48: =G48/1000 -> 0.39198436 | N48: =H48/1000 -> 0.15967499 | O48: =I48/1000 -> 0.78240747 | P48: =J48/1000 -> 0.070416673 | Q48: =SUM(L48:P48) -> 1.4553167
A49: 2050 | B49: 2050 | C49: Indonesia | D49: Oil crops & Pulses | E49: Oil crops | F49: ='FSC data (IDN)'!O49*('Loss factors'!$E$77/100) -> 12.947293 | G49: ='FSC data (IDN)'!P49*('Loss factors'!$F$77/100) -> 5.944244 | H49: ='FSC data (IDN)'!Q49*('Loss factors'!$G$77/100) -> 13.510917 | I49: ='FSC data (IDN)'!R49*('Loss factors'!$H$77/100) -> 3.1075109 | J49: ='FSC data (IDN)'!S49*('Loss factors'!$I$77/100) -> 1.5226803 | K49: =SUM(F49:J49) -> 37.032645 | L49: =F49/1000 -> 0.012947293 | M49: =G49/1000 -> 0.005944244 | N49: =H49/1000 -> 0.013510917 | O49: =I49/1000 -> 0.0031075109 | P49: =J49/1000 -> 0.0015226803 | Q49: =SUM(L49:P49) -> 0.037032645
A50: 2050 | B50: 2050 | C50: Indonesia | D50: Oil crops & Pulses | E50: Pulses | F50: ='FSC data (IDN)'!O50*('Loss factors'!$E$77/100) -> 16.233687 | G50: ='FSC data (IDN)'!P50*('Loss factors'!$F$77/100) -> 42.815191 | H50: ='FSC data (IDN)'!Q50*('Loss factors'!$G$77/100) -> 97.31641 | I50: ='FSC data (IDN)'!R50*('Loss factors'!$H$77/100) -> 22.382774 | J50: ='FSC data (IDN)'!S50*('Loss factors'!$I$77/100) -> 10.967559 | K50: =SUM(F50:J50) -> 189.71562 | L50: =F50/1000 -> 0.016233687 | M50: =G50/1000 -> 0.042815191 | N50: =H50/1000 -> 0.09731641 | O50: =I50/1000 -> 0.022382774 | P50: =J50/1000 -> 0.010967559 | Q50: =SUM(L50:P50) -> 0.18971562
A51: 2050 | B51: 2050 | C51: Indonesia | D51: Roots & Tubers | E51: Starchy Roots | F51: ='FSC data (IDN)'!O51*('Loss factors'!$E$78/100) -> 244.01746 | G51: ='FSC data (IDN)'!P51*('Loss factors'!$F$78/100) -> 292.41526 | H51: ='FSC data (IDN)'!Q51*('Loss factors'!$G$78/100) -> 212.22442 | I51: ='FSC data (IDN)'!R51*('Loss factors'!$H$78/100) -> 205.90013 | J51: ='FSC data (IDN)'!S51*('Loss factors'!$I$78/100) -> 66.119842 | K51: =SUM(F51:J51) -> 1020.6771 | L51: =F51/1000 -> 0.24401746 | M51: =G51/1000 -> 0.29241526 | N51: =H51/1000 -> 0.21222442 | O51: =I51/1000 -> 0.20590013 | P51: =J51/1000 -> 0.066119842 | Q51: =SUM(L51:P51) -> 1.0206771
Q52: =SUM(Q27:Q51) -> 40.913037
O53: FLW 2020 | P53: =SUM(Q2:Q26) -> 37.939785
O54: FLW 2050 | P54: =SUM(Q27:Q51) -> 40.913037

Sheet FSC data (IDN)
A1: Scenario | B1: Year | C1: Country | D1: Commodity group | E1: Commodity | F1: Production | G1: Import quantity | H1: Stock variation | I1: Export quantity | J1: Domestic Supply Quantity | K1: Feed | L1: Seed | M1: Other Uses (Non-food) | N1: AF | O1: FSC 1 | P1: FSC 2 | Q1: FSC 3 | R1: FSC 4 | S1: FSC 5
A2: 2020 | B2: 2020 | C2: Indonesia | D2: Cereals | E2: Barley | F2: 0 | G2: 179 | H2: -11 | I2: 26 | J2: 164 | K2: 0 | L2: 0 | M2: 0 | N2: =1-((K2+L2+M2)/J2) -> 1 | O2: =F2*N2 -> 0 | P2: =(O2-'Food loss and waste (IDN)'!F2)+(G2*N2)-(I2*N2)-(H2*N2) -> 164 | Q2: =(P2-'Food loss and waste (IDN)'!G2) -> 153.1924 | R2: =(Q2-'Food loss and waste (IDN)'!H2) -> 142.46893 | S2: =(R2-'Food loss and waste (IDN)'!I2) -> 138.22336
A3: 2020 | B3: 2020 | C3: Indonesia | D3: Cereals | E3: Maize | F3: 16926 | G3: 1561 | H3: 928 | I3: 156 | J3: 17403 | K3: 3710 | L3: 107 | M3: 12438 | N3: =1-((K3+L3+M3)/J3) -> 0.065965638 | O3: =F3*N3 -> 1116.5344 | P3: =(O3-'Food loss and waste (IDN)'!F3)+(G3*N3)-(I3*N3)-(H3*N3) -> 1081.0079 | Q3: =(P3-'Food loss and waste (IDN)'!G3) -> 1009.7695 | R3: =(Q3-'Food loss and waste (IDN)'!H3) -> 939.08565 | S3: =(R3-'Food loss and waste (IDN)'!I3) -> 911.1009
A4: 2020 | B4: 2020 | C4: Indonesia | D4: Cereals | E4: Millet | F4: 0 | G4: 76 | H4: 0 | I4: 0 | J4: 76 | K4: 53 | L4: 0 | M4: 0 | N4: =1-((K4+L4+M4)/J4) -> 0.30263158 | O4: =F4*N4 -> 0 | P4: =(O4-'Food loss and waste (IDN)'!F4)+(G4*N4)-(I4*N4)-(H4*N4) -> 23 | Q4: =(P4-'Food loss and waste (IDN)'!G4) -> 21.4843 | R4: =(Q4-'Food loss and waste (IDN)'!H4) -> 19.980399 | S4: =(R4-'Food loss and waste (IDN)'!I4) -> 19.384983
A5: 2020 | B5: 2020 | C5: Indonesia | D5: Cereals | E5: Oats | F5: 0 | G5: 17 | H5: 0 | I5: 0 | J5: 17 | K5: 0 | L5: 0 | M5: 0 | N5: =1-((K5+L5+M5)/J5) -> 1 | O5: =F5*N5 -> 0 | P5: =(O5-'Food loss and waste (IDN)'!F5)+(G5*N5)-(I5*N5)-(H5*N5) -> 17 | Q5: =(P5-'Food loss and waste (IDN)'!G5) -> 15.8797 | R5: =(Q5-'Food loss and waste (IDN)'!H5) -> 14.768121 | S5: =(R5-'Food loss and waste (IDN)'!I5) -> 14.328031
A6: 2020 | B6: 2020 | C6: Indonesia | D6: Cereals | E6: Other cereals | F6: 2 | G6: 6 | H6: 0 | I6: 2 | J6: 6 | K6: 5 | L6: 0 | M6: 0 | N6: =1-((K6+L6+M6)/J6) -> 0.16666667 | O6: =F6*N6 -> 0.33333333 | P6: =(O6-'Food loss and waste (IDN)'!F6)+(G6*N6)-(I6*N6)-(H6*N6) -> 0.98 | Q6: =(P6-'Food loss and waste (IDN)'!G6) -> 0.915418 | R6: =(Q6-'Food loss and waste (IDN)'!H6) -> 0.85133874 | S6: =(R6-'Food loss and waste (IDN)'!I6) -> 0.82596885
A7: 2020 | B7: 2020 | C7: Indonesia | D7: Cereals | E7: Rice | F7: 54649 | G7: 583 | H7: -1862 | I7: 6 | J7: 57088 | K7: 1839 | L7: 276 | M7: 26 | N7: =1-((K7+L7+M7)/J7) -> 0.9624965 | O7: =F7*N7 -> 52599.471 | P7: =(O7-'Food loss and waste (IDN)'!F7)+(G7*N7)-(I7*N7)-(H7*N7) -> 51791.032 | Q7: =(P7-'Food loss and waste (IDN)'!G7) -> 48378.003 | R7: =(Q7-'Food loss and waste (IDN)'!H7) -> 44991.543 | S7: =(R7-'Food loss and waste (IDN)'!I7) -> 43650.795
A8: 2020 | B8: 2020 | C8: Indonesia | D8: Cereals | E8: Rye | F8: - | G8: - | H8: - | I8: - | J8: - | K8: - | L8: - | M8: - | N8: - | O8: - | P8: - | Q8: - | R8: - | S8: -
A9: 2020 | B9: 2020 | C9: Indonesia | D9: Cereals | E9: Sorghum | F9: - | G9: - | H9: - | I9: - | J9: - | K9: - | L9: - | M9: - | N9: - | O9: - | P9: - | Q9: - | R9: - | S9: -
A10: 2020 | B10: 2020 | C10: Indonesia | D10: Cereals | E10: Wheat | F10: 0 | G10: 10551 | H10: 232 | I10: 519 | J10: 9801 | K10: 1 | L10: 0 | M10: 173 | N10: =1-((K10+L10+M10)/J10) -> 0.98224671 | O10: =F10*N10 -> 0 | P10: =(O10-'Food loss and waste (IDN)'!F10)+(G10*N10)-(I10*N10)-(H10*N10) -> 9626.0178 | Q10: =(P10-'Food loss and waste (IDN)'!G10) -> 8991.6632 | R10: =(Q10-'Food loss and waste (IDN)'!H10) -> 8362.2468 | S10: =(R10-'Food loss and waste (IDN)'!I10) -> 8113.0518
A11: 2020 | B11: 2020 | C11: Indonesia | D11: Fruits & Vegetables | E11: Apples | F11: 153 | G11: 0 | H11: 0 | I11: 0 | J11: 153 | K11: 0 | L11: 0 | M11: 0 | N11: =1-((K11+L11+M11)/J11) -> 1 | O11: =F11*N11 -> 153 | P11: =(O11-'Food loss and waste (IDN)'!F11)+(G11*N11)-(I11*N11)-(H11*N11) -> 139.6737 | Q11: =(P11-'Food loss and waste (IDN)'!G11) -> 125.88791 | R11: =(Q11-'Food loss and waste (IDN)'!H11) -> 94.415929 | S11: =(R11-'Food loss and waste (IDN)'!I11) -> 82.179625
A12: 2020 | B12: 2020 | C12: Indonesia | D12: Fruits & Vegetables | E12: Bananas | F12: 8183 | G12: 0 | H12: 0 | I12: 8 | J12: 8175 | K12: 0 | L12: 0 | M12: 0 | N12: =1-((K12+L12+M12)/J12) -> 1 | O12: =F12*N12 -> 8183 | P12: =(O12-'Food loss and waste (IDN)'!F12)+(G12*N12)-(I12*N12)-(H12*N12) -> 7462.2607 | Q12: =(P12-'Food loss and waste (IDN)'!G12) -> 6725.7356 | R12: =(Q12-'Food loss and waste (IDN)'!H12) -> 5044.3017 | S12: =(R12-'Food loss and waste (IDN)'!I12) -> 4390.5602
A13: 2020 | B13: 2020 | C13: Indonesia | D13: Fruits & Vegetables | E13: Citrus | F13: 9 | G13: 0 | H13: 0 | I13: 0 | J13: 9 | K13: 0 | L13: 0 | M13: 0 | N13: =1-((K13+L13+M13)/J13) -> 1 | O13: =F13*N13 -> 9 | P13: =(O13-'Food loss and waste (IDN)'!F13)+(G13*N13)-(I13*N13)-(H13*N13) -> 8.2161 | Q13: =(P13-'Food loss and waste (IDN)'!G13) -> 7.4051709 | R13: =(Q13-'Food loss and waste (IDN)'!H13) -> 5.5538782 | S13: =(R13-'Food loss and waste (IDN)'!I13) -> 4.8340956
A14: 2020 | B14: 2020 | C14: Indonesia | D14: Fruits & Vegetables | E14: Grapes | F14: 0 | G14: 92 | H14: -1 | I14: 0 | J14: 93 | K14: 0 | L14: 0 | M14: 0 | N14: =1-((K14+L14+M14)/J14) -> 1 | O14: =F14*N14 -> 0 | P14: =(O14-'Food loss and waste (IDN)'!F14)+(G14*N14)-(I14*N14)-(H14*N14) -> 93 | Q14: =(P14-'Food loss and waste (IDN)'!G14) -> 83.8209 | R14: =(Q14-'Food loss and waste (IDN)'!H14) -> 62.865675 | S14: =(R14-'Food loss and waste (IDN)'!I14) -> 54.718284
A15: 2020 | B15: 2020 | C15: Indonesia | D15: Fruits & Vegetables | E15: Other fruits | F15: 8752 | G15: 293 | H15: 0 | I15: 104 | J15: 8941 | K15: 0 | L15: 0 | M15: 0 | N15: =1-((K15+L15+M15)/J15) -> 1 | O15: =F15*N15 -> 8752 | P15: =(O15-'Food loss and waste (IDN)'!F15)+(G15*N15)-(I15*N15)-(H15*N15) -> 8178.7008 | Q15: =(P15-'Food loss and waste (IDN)'!G15) -> 7371.463 | R15: =(Q15-'Food loss and waste (IDN)'!H15) -> 5528.5973 | S15: =(R15-'Food loss and waste (IDN)'!I15) -> 4812.0911
A16: 2020 | B16: 2020 | C16: Indonesia | D16: Fruits & Vegetables | E16: Vegetables | F16: 10561 | G16: 666 | H16: 0 | I16: 102 | J16: 11124 | K16: 0 | L16: 0 | M16: 0 | N16: =1-((K16+L16+M16)/J16) -> 1 | O16: =F16*N16 -> 10561 | P16: =(O16-'Food loss and waste (IDN)'!F16)+(G16*N16)-(I16*N16)-(H16*N16) -> 10205.137 | Q16: =(P16-'Food loss and waste (IDN)'!G16) -> 9197.8899 | R16: =(Q16-'Food loss and waste (IDN)'!H16) -> 6898.4174 | S16: =(R16-'Food loss and waste (IDN)'!I16) -> 6004.3825
A17: 2020 | B17: 2020 | C17: Indonesia | D17: Marine | E17: Fish & Seafood | F17: 10361 | G17: 618 | H17: 0 | I17: 803 | J17: 10176 | K17: 490 | L17: 0 | M17: 0 | N17: =1-((K17+L17+M17)/J17) -> 0.95184748 | O17: =F17*N17 -> 9862.0918 | P17: =(O17-'Food loss and waste (IDN)'!F17)+(G17*N17)-(I17*N17)-(H17*N17) -> 8877.3085 | Q17: =(P17-'Food loss and waste (IDN)'!G17) -> 6616.258 | R17: =(Q17-'Food loss and waste (IDN)'!H17) -> 6020.7948 | S17: =(R17-'Food loss and waste (IDN)'!I17) -> 5278.4308
A18: 2020 | B18: 2020 | C18: Indonesia | D18: Meat | E18: Bovine meat | F18: 472 | G18: 228 | H18: 0 | I18: 2 | J18: 698 | K18: 0 | L18: 0 | M18: 0 | N18: =1-((K18+L18+M18)/J18) -> 1 | O18: =F18*N18 -> 472 | P18: =(O18-'Food loss and waste (IDN)'!F18)+(G18*N18)-(I18*N18)-(H18*N18) -> 650.8 | Q18: =(P18-'Food loss and waste (IDN)'!G18) -> 649.43332 | R18: =(Q18-'Food loss and waste (IDN)'!H18) -> 616.96165 | S18: =(R18-'Food loss and waste (IDN)'!I18) -> 573.77434
A19: 2020 | B19: 2020 | C19: Indonesia | D19: Meat | E19: Mutton & Goat | F19: 116 | G19: 1 | H19: 0 | I19: 0 | J19: 117 | K19: 0 | L19: 0 | M19: 0 | N19: =1-((K19+L19+M19)/J19) -> 1 | O19: =F19*N19 -> 116 | P19: =(O19-'Food loss and waste (IDN)'!F19)+(G19*N19)-(I19*N19)-(H19*N19) -> 105.4 | Q19: =(P19-'Food loss and waste (IDN)'!G19) -> 105.1892 | R19: =(Q19-'Food loss and waste (IDN)'!H19) -> 99.92974 | S19: =(R19-'Food loss and waste (IDN)'!I19) -> 92.934658
A20: 2020 | B20: 2020 | C20: Indonesia | D20: Meat | E20: Pigmeat | F20: 281 | G20: 3 | H20: 0 | I20: 0 | J20: 283 | K20: 0 | L20: 0 | M20: 0 | N20: =1-((K20+L20+M20)/J20) -> 1 | O20: =F20*N20 -> 281 | P20: =(O20-'Food loss and waste (IDN)'!F20)+(G20*N20)-(I20*N20)-(H20*N20) -> 267.14 | Q20: =(P20-'Food loss and waste (IDN)'!G20) -> 265.88444 | R20: =(Q20-'Food loss and waste (IDN)'!H20) -> 252.59022 | S20: =(R20-'Food loss and waste (IDN)'!I20) -> 234.9089
A21: 2020 | B21: 2020 | C21: Indonesia | D21: Meat | E21: Poultry | F21: 3683 | G21: 0 | H21: 1 | I21: 0 | J21: 3682 | K21: 0 | L21: 0 | M21: 0 | N21: =1-((K21+L21+M21)/J21) -> 1 | O21: =F21*N21 -> 3683 | P21: =(O21-'Food loss and waste (IDN)'!F21)+(G21*N21)-(I21*N21)-(H21*N21) -> 3461.02 | Q21: =(P21-'Food loss and waste (IDN)'!G21) -> 3444.7532 | R21: =(Q21-'Food loss and waste (IDN)'!H21) -> 3272.5155 | S21: =(R21-'Food loss and waste (IDN)'!I21) -> 3043.4395
... A26: 2020 | B26: 2020 | C26: Indonesia | D26: Roots & Tubers | E26: Starchy Roots | F26: 366 | G26: 1 | H26: 0 | I26: 42 | J26: 324 | K26: 33 | L26: 0 | M26: 0 | N26: =1-((K26+L26+M26)/J26) -> 0.89814815 | O26: =F26*N26 -> 328.72222 | P26: =(O26-'Food loss and waste (IDN)'!F26)+(G26*N26)-(I26*N26)-(H26*N26) -> 265.10729 | Q26: =(P26-'Food loss and waste (IDN)'!G26) -> 233.00279 | R26: =(Q26-'Food loss and waste (IDN)'!H26) -> 209.70252 | S26: =(R26-'Food loss and waste (IDN)'!I26) -> 187.09658
A27: 2050 | B27: 2050 | C27: Indonesia | D27: Cereals | E27: Barley | F27: - | G27: - | H27: - | I27: - | J27: - | K27: - | L27: - | M27: - | N27: - | O27: - | P27: - | Q27: - | R27: - | S27: -
A28: 2050 | B28: 2050 | C28: Indonesia | D28: Cereals | E28: Maize | F28: 27313.025 | G28: =G3*($F$28/$F$3) -> 2518.9432 | H28: =H3*($F$28/$F$3) -> 1497.4883 | I28: =I3*($F$28/$F$3) -> 251.73295 | J28: =J3*($F$28/$F$3) -> 28082.747 | K28: =K3*($F$28/$F$3) -> 5986.7259 | L28: =L3*($F$28/$F$3) -> 172.66298 | M28: =M3*($F$28/$F$3) -> 20070.862 | N28: =1-((K28+L28+M28)/J28) -> 0.065965638 | O28: =F28*N28 -> 1801.7211 | P28: =(O28-'Food loss and waste (IDN)'!F28)+(G28*N28)-(I28*N28)-(H28*N28) -> 1744.3931 | Q28: =(P28-'Food loss and waste (IDN)'!G28) -> 1629.4375 | R28: =(Q28-'Food loss and waste (IDN)'!H28) -> 1515.3769 | S28: =(R28-'Food loss and waste (IDN)'!I28) -> 1470.2187
A29: 2050 | B29: 2050 | C29: Indonesia | D29: Cereals | E29: Millet | F29: - | G29: - | H29: - | I29: - | J29: - | K29: - | L29: - | M29: - | N29: - | O29: - | P29: - | Q29: - | R29: - | S29: -
A30: 2050 | B30: 2050 | C30: Indonesia | D30: Cereals | E30: Oats | F30: - | G30: - | H30: - | I30: - | J30: - | K30: - | L30: - | M30: - | N30: - | O30: - | P30: - | Q30: - | R30: - | S30: -
A31: 2050 | B31: 2050 | C31: Indonesia | D31: Cereals | E31: Other cereals | F31: - | G31: - | H31: - | I31: - | J31: - | K31: - | L31: - | M31: - | N31: - | O31: - | P31: - | Q31: - | R31: - | S31: -
A32: 2050 | B32: 2050 | C32: Indonesia | D32: Cereals | E32: Rice | F32: 55989.976 | G32: =G7*($F$32/$F$7) -> 597.30564 | H32: =H7*($F$32/$F$7) -> -1907.6897 | I32: =I7*($F$32/$F$7) -> 6.1472279 | J32: =J7*($F$32/$F$7) -> 58488.824 | K32: =K7*($F$32/$F$7) -> 1884.1253 | L32: =L7*($F$32/$F$7) -> 282.77248 | M32: =M7*($F$32/$F$7) -> 26.637987 | N32: =1-((K32+L32+M32)/J32) -> 0.9624965 | O32: =F32*N32 -> 53890.156 | P32: =(O32-'Food loss and waste (IDN)'!F32)+(G32*N32)-(I32*N32)-(H32*N32) -> 53061.879 | Q32: =(P32-'Food loss and waste (IDN)'!G32) -> 49565.101 | R32: =(Q32-'Food loss and waste (IDN)'!H32) -> 46095.544 | S32: =(R32-'Food loss and waste (IDN)'!I32) -> 44721.897
A33: 2050 | B33: 2050 | C33: Indonesia | D33: Cereals | E33: Rye | F33: - | G33: - | H33: - | I33: - | J33: - | K33: - | L33: - | M33: - | N33: - | O33: - | P33: - | Q33: - | R33: - | S33: -
A34: 2050 | B34: 2050 | C34: Indonesia | D34: Cereals | E34: Sorghum | F34: - | G34: - | H34: - | I34: - | J34: - | K34: - | L34: - | M34: - | N34: - | O34: - | P34: - | Q34: - | R34: - | S34: -
A35: 2050 | B35: 2050 | C35: Indonesia | D35: Cereals | E35: Wheat | F35: - | G35: - | H35: - | I35: - | J35: - | K35: - | L35: - | M35: - | N35: - | O35: - | P35: - | Q35: - | R35: - | S35: -
A36: 2050 | B36: 2050 | C36: Indonesia | D36: Fruits & Vegetables | E36: Apples | F36: - | G36: - | H36: - | I36: - | J36: - | K36: - | L36: - | M36: - | N36: - | O36: - | P36: - | Q36: - | R36: - | S36: -
A37: 2050 | B37: 2050 | C37: Indonesia | D37: Fruits & Vegetables | E37: Bananas | F37: 8379.644 | G37: =G12*($F$37/$F$12) -> 0 | H37: =H12*($F$37/$F$12) -> 0 | I37: =I12*($F$37/$F$12) -> 8.1922464 | J37: =J12*($F$37/$F$12) -> 8371.4518 | K37: =K12*($F$37/$F$12) -> 0 | L37: =L12*($F$37/$F$12) -> 0 | M37: =M12*($F$37/$F$12) -> 0 | N37: =1-((K37+L37+M37)/J37) -> 1 | O37: =F37*N37 -> 8379.644 | P37: =(O37-'Food loss and waste (IDN)'!F37)+(G37*N37)-(I37*N37)-(H37*N37) -> 7641.5848 | Q37: =(P37-'Food loss and waste (IDN)'!G37) -> 6887.3603 | R37: =(Q37-'Food loss and waste (IDN)'!H37) -> 5165.5203 | S37: =(R37-'Food loss and waste (IDN)'!I37) -> 4496.0688
A38: 2050 | B38: 2050 | C38: Indonesia | D38: Fruits & Vegetables | E38: Citrus | F38: 1856.881 | G38: =G13*($F$38/$F$13) -> 0 | H38: =H13*($F$38/$F$13) -> 0 | I38: =I13*($F$38/$F$13) -> 0 | J38: =J13*($F$38/$F$13) -> 1856.881 | K38: =K13*($F$38/$F$13) -> 0 | L38: =L13*($F$38/$F$13) -> 0 | M38: =M13*($F$38/$F$13) -> 0 | N38: =1-((K38+L38+M38)/J38) -> 1 | O38: =F38*N38 -> 1856.881 | P38: =(O38-'Food loss and waste (IDN)'!F38)+(G38*N38)-(I38*N38)-(H38*N38) -> 1695.1467 | Q38: =(P38-'Food loss and waste (IDN)'!G38) -> 1527.8357 | R38: =(Q38-'Food loss and waste (IDN)'!H38) -> 1145.8768 | S38: =(R38-'Food loss and waste (IDN)'!I38) -> 997.37114
A39: 2050 | B39: 2050 | C39: Indonesia | D39: Fruits & Vegetables | E39: Grapes | F39: - | G39: - | H39: - | I39: - | J39: - | K39: - | L39: - | M39: - | N39: - | O39: - | P39: - | Q39: - | R39: - | S39: -
A40: 2050 | B40: 2050 | C40: Indonesia | D40: Fruits & Vegetables | E40: Other fruits | F40: 157.362 | G40: =G15*($F$40/$F$15) -> 5.2681748 | H40: =H15*($F$40/$F$15) -> 0 | I40: =I15*($F$40/$F$15) -> 1.8699324 | J40: =J15*($F$40/$F$15) -> 160.76024 | K40: =K15*($F$40/$F$15) -> 0 | L40: =L15*($F$40/$F$15) -> 0 | M40: =M15*($F$40/$F$15) -> 0 | N40: =1-((K40+L40+M40)/J40) -> 1 | O40: =F40*N40 -> 157.362 | P40: =(O40-'Food loss and waste (IDN)'!F40)+(G40*N40)-(I40*N40)-(H40*N40) -> 147.05401 | Q40: =(P40-'Food loss and waste (IDN)'!G40) -> 132.53978 | R40: =(Q40-'Food loss and waste (IDN)'!H40) -> 99.404836 | S40: =(R40-'Food loss and waste (IDN)'!I40) -> 86.521969
A41: 2050 | B41: 2050 | C41: Indonesia | D41: Fruits & Vegetables | E41: Vegetables | F41: 15402.902 | G41: =G16*($F$41/$F$16) -> 971.34104 | H41: =H16*($F$41/$F$16) -> 0 | I41: =I16*($F$41/$F$16) -> 148.76394 | J41: =J16*($F$41/$F$16) -> 16224.021 | K41: =K16*($F$41/$F$16) -> 0 | L41: =L16*($F$41/$F$16) -> 0 | M41: =M16*($F$41/$F$16) -> 0 | N41: =1-((K41+L41+M41)/J41) -> 1 | O41: =F41*N41 -> 15402.902 | P41: =(O41-'Food loss and waste (IDN)'!F41)+(G41*N41)-(I41*N41)-(H41*N41) -> 14883.886 | Q41: =(P41-'Food loss and waste (IDN)'!G41) -> 13414.847 | R41: =(Q41-'Food loss and waste (IDN)'!H41) -> 10061.135 | S41: =(R41-'Food loss and waste (IDN)'!I41) -> 8757.212
A42: 2050 | B42: 2050 | C42: Indonesia | D42: Marine | E42: Fish & Seafood | F42: 16004.067 | G42: =G17*($F$42/$F$17) -> 954.59062 | H42: =H17*($F$42/$F$17) -> 0 | I42: =I17*($F$42/$F$17) -> 1240.3499 | J42: =J17*($F$42/$F$17) -> 15718.308 | K42: =K17*($F$42/$F$17) -> 756.87606 | L42: =L17*($F$42/$F$17) -> 0 | M42: =M17*($F$42/$F$17) -> 0 | N42: =1-((K42+L42+M42)/J42) -> 0.95184748 | O42: =F42*N42 -> 15233.431 | P42: =(O42-'Food loss and waste (IDN)'!F42)+(G42*N42)-(I42*N42)-(H42*N42) -> 13712.29 | Q42: =(P42-'Food loss and waste (IDN)'!G42) -> 10219.77 | R42: =(Q42-'Food loss and waste (IDN)'!H42) -> 9299.9907 | S42: =(R42-'Food loss and waste (IDN)'!I42) -> 8153.3018
A43: 2050 | B43: 2050 | C43: Indonesia | D43: Meat | E43: Bovine meat | F43: 858.556 | G43: =G18*($F$43/$F$18) -> 414.7262 | H43: =H18*($F$43/$F$18) -> 0 | I43: =I18*($F$43/$F$18) -> 3.6379492 | J43: =J18*($F$43/$F$18) -> 1269.6443 | K43: =K18*($F$43/$F$18) -> 0 | L43: =L18*($F$43/$F$18) -> 0 | M43: =M18*($F$43/$F$18) -> 0 | N43: =1-((K43+L43+M43)/J43) -> 1 | O43: =F43*N43 -> 858.556 | P43: =(O43-'Food loss and waste (IDN)'!F43)+(G43*N43)-(I43*N43)-(H43*N43) -> 1183.7887 | Q43: =(P43-'Food loss and waste (IDN)'!G43) -> 1181.3027 | R43: =(Q43-'Food loss and waste (IDN)'!H43) -> 1122.2376 | S43: =(R43-'Food loss and waste (IDN)'!I43) -> 1043.6809
A44: 2050 | B44: 2050 | C44: Indonesia | D44: Meat | E44: Mutton & Goat | F44: 239.355 | G44: =G19*($F$44/$F$19) -> 2.0634052 | H44: =H19*($F$44/$F$19) -> 0 | I44: =I19*($F$44/$F$19) -> 0 | J44: =J19*($F$44/$F$19) -> 241.41841 | K44: =K19*($F$44/$F$19) -> 0 | L44: =L19*($F$44/$F$19) -> 0 | M44: =M19*($F$44/$F$19) -> 0 | N44: =1-((K44+L44+M44)/J44) -> 1 | O44: =F44*N44 -> 239.355 | P44: =(O44-'Food loss and waste (IDN)'!F44)+(G44*N44)-(I44*N44)-(H44*N44) -> 217.48291 | Q44: =(P44-'Food loss and waste (IDN)'!G44) -> 217.04794 | R44: =(Q44-'Food loss and waste (IDN)'!H44) -> 206.19554 | S44: =(R44-'Food loss and waste (IDN)'!I44) -> 191.76185
A45: 2050 | B45: 2050 | C45: Indonesia | D45: Meat | E45: Pigmeat | F45: 1252.178 | G45: =G20*($F$45/$F$20) -> 13.368448 | H45: =H20*($F$45/$F$20) -> 0 | I45: =I20*($F$45/$F$20) -> 0 | J45: =J20*($F$45/$F$20) -> 1261.0903 | K45: =K20*($F$45/$F$20) -> 0 | L45: =L20*($F$45/$F$20) -> 0 | M45: =M20*($F$45/$F$20) -> 0 | N45: =1-((K45+L45+M45)/J45) -> 1 | O45: =F45*N45 -> 1252.178 | P45: =(O45-'Food loss and waste (IDN)'!F45)+(G45*N45)-(I45*N45)-(H45*N45) -> 1190.4158 | Q45: =(P45-'Food loss and waste (IDN)'!G45) -> 1184.8208 | R45: =(Q45-'Food loss and waste (IDN)'!H45) -> 1125.5798 | S45: =(R45-'Food loss and waste (IDN)'!I45) -> 1046.7892
A46: 2050 | B46: 2050 | C46: Indonesia | D46: Meat | E46: Poultry | F46: 3401.163 | G46: =G21*($F$45/$F$21) -> 0 | H46: =H21*($F$45/$F$21) -> 0.3399886 | I46: =I21*($F$45/$F$21) -> 0 | J46: =J21*($F$45/$F$21) -> 1251.838 | K46: =K21*($F$45/$F$21) -> 0 | L46: =L21*($F$45/$F$21) -> 0 | M46: =M21*($F$45/$F$21) -> 0 | N46: =1-((K46+L46+M46)/J46) -> 1 | O46: =F46*N46 -> 3401.163 | P46: =(O46-'Food loss and waste (IDN)'!F46)+(G46*N46)-(I46*N46)-(H46*N46) -> 3196.7532 | Q46: =(P46-'Food loss and waste (IDN)'!G46) -> 3181.7285 | R46: =(Q46-'Food loss and waste (IDN)'!H46) -> 3022.6421 | S46: =(R46-'Food loss and waste (IDN)'!I46) -> 2811.0571
A47: 2050 | B47: 2050 | C47: Indonesia | D47: Milk & Eggs | E47: Eggs | F47: =F22*($F$48/$F$23) -> 10398.961 | G47: =G22*($F$48/$F$23) -> 15.150553 | H47: =H22*($F$48/$F$23) -> 0 | I47: =I22*($F$48/$F$23) -> 0 | J47: =J22*($F$48/$F$23) -> 10414.112 | K47: =K22*($F$48/$F$23) -> 0 | L47: =L22*($F$48/$F$23) -> 1284.0094 | M47: =M22*($F$48/$F$23) -> 1.8938192 | N47: =1-((K47+L47+M47)/J47) -> 0.876523 | O47: =F47*N47 -> 9114.9286 | P47: =(O47-'Food loss and waste (IDN)'!F47)+(G47*N47)-(I47*N47)-(H47*N47) -> 8399.0141 | Q47: =(P47-'Food loss and waste (IDN)'!G47) -> 7791.7654 | R47: =(Q47-'Food loss and waste (IDN)'!H47) -> 7783.9736 | S47: =(R47-'Food loss and waste (IDN)'!I47) -> 7550.4544
A48: 2050 | B48: 2050 | C48: Indonesia | D48: Milk & Eggs | E48: Milk | F48: 2963.827 | G48: =G23*($F$48/$F$23) -> 14754.745 | H48: =H23*($F$48/$F$23) -> 1.8938192 | I48: =I23*($F$48/$F$23) -> 520.80027 | J48: =J23*($F$48/$F$23) -> 17197.772 | K48: =K23*($F$48/$F$23) -> 8425.6015 | L48: =L23*($F$48/$F$23) -> 0 | M48: =M23*($F$48/$F$23) -> 344.67509 | N48: =1-((K48+L48+M48)/J48) -> 0.49003414 | O48: =F48*N48 -> 1452.3764 | P48: =(O48-'Food loss and waste (IDN)'!F48)+(G48*N48)-(I48*N48)-(H48*N48) -> 8375.7341 | Q48: =(P48-'Food loss and waste (IDN)'!G48) -> 7983.7497 | R48: =(Q48-'Food loss and waste (IDN)'!H48) -> 7824.0747 | S48: =(R48-'Food loss and waste (IDN)'!I48) -> 7041.6673
A49: 2050 | B49: 2050 | C49: Indonesia | D49: Oil crops & Pulses | E49: Oil crops | F49: 187.778 | G49: =G24*($F$49/$F$24) -> 2.8595635 | H49: =H24*($F$49/$F$24) -> 0 | I49: =I24*($F$49/$F$24) -> 0 | J49: =J24*($F$49/$F$24) -> 190.63756 | K49: =K24*($F$49/$F$24) -> 2.8595635 | L49: =L24*($F$49/$F$24) -> 0 | M49: =M24*($F$49/$F$24) -> 0 | N49: =1-((K49+L49+M49)/J49) -> 0.985 | O49: =F49*N49 -> 184.96133 | P49: =(O49-'Food loss and waste (IDN)'!F49)+(G49*N49)-(I49*N49)-(H49*N49) -> 174.83071 | Q49: =(P49-'Food loss and waste (IDN)'!G49) -> 168.88646 | R49: =(Q49-'Food loss and waste (IDN)'!H49) -> 155.37555 | S49: =(R49-'Food loss and waste (IDN)'!I49) -> 152.26803
A50: 2050 | B50: 2050 | C50: Indonesia | D50: Oil crops & Pulses | E50: Pulses | F50: 318.876 | G50: =G25*($F$50/$F$25) -> 1116.066 | H50: =H25*($F$50/$F$25) -> -318.876 | I50: =I25*($F$50/$F$25) -> 0 | J50: =J25*($F$50/$F$25) -> 1753.818 | K50: =K25*($F$50/$F$25) -> 478.314 | L50: =L25*($F$50/$F$25) -> 0 | M50: =M25*($F$50/$F$25) -> 0 | N50: =1-((K50+L50+M50)/J50) -> 0.72727273 | O50: =F50*N50 -> 231.90982 | P50: =(O50-'Food loss and waste (IDN)'!F50)+(G50*N50)-(I50*N50)-(H50*N50) -> 1259.2703 | Q50: =(P50-'Food loss and waste (IDN)'!G50) -> 1216.4551 | R50: =(Q50-'Food loss and waste (IDN)'!H50) -> 1119.1387 | S50: =(R50-'Food loss and waste (IDN)'!I50) -> 1096.7559
A51: 2050 | B51: 2050 | C51: Indonesia | D51: Roots & Tubers | E51: Starchy Roots | F51: 3333.614 | G51: =G26*($F$51/$F$26) -> 9.108235 | H51: =H26*($F$51/$F$26) -> 0 | I51: =I26*($F$51/$F$26) -> 382.54587 | J51: =J26*($F$51/$F$26) -> 2951.0681 | K51: =K26*($F$51/$F$26) -> 300.57175 | L51: =L26*($F$51/$F$26) -> 0 | M51: =M26*($F$51/$F$26) -> 0 | N51: =1-((K51+L51+M51)/J51) -> 0.89814815 | O51: =F51*N51 -> 2994.0792 | P51: =(O51-'Food loss and waste (IDN)'!F51)+(G51*N51)-(I51*N51)-(H51*N51) -> 2414.6595 | Q51: =(P51-'Food loss and waste (IDN)'!G51) -> 2122.2442 | R51: =(Q51-'Food loss and waste (IDN)'!H51) -> 1910.0198 | S51: =(R51-'Food loss and waste (IDN)'!I51) -> 1704.1196
B53: UNIT: 1000 t

Sheet Loss factors
A1: Scenario | B1: Region | C1: Commodity group | D1: Commodity | E1: FSC1 LF | F1: FSC2 LF | G1: FSC3 LF | H1: FSC4 LF | I1: FSC5 LF
A2: Baseline | B2: Europe | C2: Cereals | D2: N/A | E2: 4.3 | F2: 3.8 | G2: 10.5 | H2: 3 | I2: 27
A3: Baseline | B3: Europe | C3: Fruits & Vegetables | D3: N/A | E3: 20 | F3: 7.3 | G3: 2 | H3: 4.9 | I3: 19
A4: Baseline | B4: Europe | C4: Marine | D4: Fish & Seafood | E4: 9.4 | F4: 7.9 | G4: 6 | H4: 9 | I4: 11
A5: Baseline | B5: Europe | C5: Meat | D5: Bovine | E5: 2.3 | F5: 0.6 | G5: 5 | H5: 4 | I5: 11
A6: Baseline | B6: Europe | C6: Meat | D6: Mutton & Goat | E6: 10 | F6: 0.6 | G6: 5 | H6: 4 | I6: 11
A7: Baseline | B7: Europe | C7: Meat | D7: Pigmeat | E7: 2.5 | F7: 0.3 | G7: 5 | H7: 4 | I7: 11
A8: Baseline | B8: Europe | C8: Meat | D8: Poultry | E8: 7 | F8: 0.9 | G8: 5 | H8: 4 | I8: 11
A9: Baseline | B9: Europe | C9: Milk & Eggs | D9: Eggs | E9: 4 | F9: 1.9 | G9: 0.5 | H9: 2 | I9: 8
A10: Baseline | B10: Europe | C10: Milk & Eggs | D10: Milk | E10: 3.5 | F10: 1.7 | G10: 1.2 | H10: 0.82 | I10: 7
A11: Baseline | B11: Europe | C11: Oil crops & Pulses | D11: N/A | E11: 5.3 | F11: 1.2 | G11: 5 | H11: 1 | I11: 4
A12: Baseline | B12: Europe | C12: Roots & Tubers | D12: Starchy Roots | E12: 20 | F12: 7.6 | G12: 13.8 | H12: 7 | I12: 17
A13: Baseline | B13: IndusAsia | C13: Cereals | D13: N/A | E13: 3.92 | F13: 4.24 | G13: 11.8 | H13: 2 | I13: 13.65
... A78: Baseline | B78: SSEA | C78: Roots & Tubers | D78: Starchy Roots | E78: 8.15 | F78: 12.11 | G78: 10 | H78: 10.78 | I78: 3.88
A79: 50% LF | B79: Europe | C79: Cereals | D79: N/A | E79: =(E2/2) -> 2.15 | F79: =(F2/2) -> 1.9 | G79: =(G2/2) -> 5.25 | H79: =(H2/2) -> 1.5 | I79: =(I2/2) -> 13.5
A80: 50% LF | B80: Europe | C80: Fruits & Vegetables | D80: N/A | E80: =(E3/2) -> 10 | F80: =(F3/2) -> 3.65 | G80: =(G3/2) -> 1 | H80: =(H3/2) -> 2.45 | I80: =(I3/2) -> 9.5
A81: 50% LF | B81: Europe | C81: Marine | D81: Fish & Seafood | E81: =(E4/2) -> 4.7 | F81: =(F4/2) -> 3.95 | G81: =(G4/2) -> 3 | H81: =(H4/2) -> 4.5 | I81: =(I4/2) -> 5.5
A82: 50% LF | B82: Europe | C82: Meat | D82: Bovine | E82: =(E5/2) -> 1.15 | F82: =(F5/2) -> 0.3 | G82: =(G5/2) -> 2.5 | H82: =(H5/2) -> 2 | I82: =(I5/2) -> 5.5
A83: 50% LF | B83: Europe | C83: Meat | D83: Mutton & Goat | E83: =(E6/2) -> 5 | F83: =(F6/2) -> 0.3 | G83: =(G6/2) -> 2.5 | H83: =(H6/2) -> 2 | I83: =(I6/2) -> 5.5
A84: 50% LF | B84: Europe | C84: Meat | D84: Pigmeat | E84: =(E7/2) -> 1.25 | F84: =(F7/2) -> 0.15 | G84: =(G7/2) -> 2.5 | H84: =(H7/2) -> 2 | I84: =(I7/2) -> 5.5
A85: 50% LF | B85: Europe | C85: Meat | D85: Poultry | E85: =(E8/2) -> 3.5 | F85: =(F8/2) -> 0.45 | G85: =(G8/2) -> 2.5 | H85: =(H8/2) -> 2 | I85: =(I8/2) -> 5.5
A86: 50% LF | B86: Europe | C86: Milk & Eggs | D86: Eggs | E86: =(E9/2) -> 2 | F86: =(F9/2) -> 0.95 | G86: =(G9/2) -> 0.25 | H86: =(H9/2) -> 1 | I86: =(I9/2) -> 4
A87: 50% LF | B87: Europe | C87: Milk & Eggs | D87: Milk | E87: =(E10/2) -> 1.75 | F87: =(F10/2) -> 0.85 | G87: =(G10/2) -> 0.6 | H87: =(H10/2) -> 0.41 | I87: =(I10/2) -> 3.5
A88: 50% LF | B88: Europe | C88: Oil crops & Pulses | D88: N/A | E88: =(E11/2) -> 2.65 | F88: =(F11/2) -> 0.6 | G88: =(G11/2) -> 2.5 | H88: =(H11/2) -> 0.5 | I88: =(I11/2) -> 2
A89: 50% LF | B89: Europe | C89: Roots & Tubers | D89: Starchy Roots | E89: =(E12/2) -> 10 | F89: =(F12/2) -> 3.8 | G89: =(G12/2) -> 6.9 | H89: =(H12/2) -> 3.5 | I89: =(I12/2) -> 8.5
A90: 50% LF | B90: IndusAsia | C90: Cereals | D90: N/A | E90: =(E13/2) -> 1.96 | F90: =(F13/2) -> 2.12 | G90: =(G13/2) -> 5.9 | H90: =(H13/2) -> 1 | I90: =(I13/2) -> 6.825
... A155: 50% LF | B155: SSEA | C155: Roots & Tubers | D155: Starchy Roots | E155: =(E78/2) -> 4.075 | F155: =(F78/2) -> 6.055 | G155: =(G78/2) -> 5 | H155: =(H78/2) -> 5.39 | I155: =(I78/2) -> 1.94
A156: 25% LF | B156: Europe | C156: Cereals | D156: N/A | E156: =E2*0.25 -> 1.075 | F156: =F2*0.25 -> 0.95 | G156: =G2*0.25 -> 2.625 | H156: =H2*0.25 -> 0.75 | I156: =I2*0.25 -> 6.75
A157: 25% LF | B157: Europe | C157: Fruits & Vegetables | D157: N/A | E157: =E3*0.25 -> 5 | F157: =F3*0.25 -> 1.825 | G157: =G3*0.25 -> 0.5 | H157: =H3*0.25 -> 1.225 | I157: =I3*0.25 -> 4.75
A158: 25% LF | B158: Europe | C158: Marine | D158: Fish & Seafood | E158: =E4*0.25 -> 2.35 | F158: =F4*0.25 -> 1.975 | G158: =G4*0.25 -> 1.5 | H158: =H4*0.25 -> 2.25 | I158: =I4*0.25 -> 2.75
A159: 25% LF | B159: Europe | C159: Meat | D159: Bovine | E159: =E5*0.25 -> 0.575 | F159: =F5*0.25 -> 0.15 | G159: =G5*0.25 -> 1.25 | H159: =H5*0.25 -> 1 | I159: =I5*0.25 -> 2.75
A160: 25% LF | B160: Europe | C160: Meat | D160: Mutton & Goat | E160: =E6*0.25 -> 2.5 | F160: =F6*0.25 -> 0.15 | G160: =G6*0.25 -> 1.25 | H160: =H6*0.25 -> 1 | I160: =I6*0.25 -> 2.75
A161: 25% LF | B161: Europe | C161: Meat | D161: Pigmeat | E161: =E7*0.25 -> 0.625 | F161: =F7*0.25 -> 0.075 | G161: =G7*0.25 -> 1.25 | H161: =H7*0.25 -> 1 | I161: =I7*0.25 -> 2.75
A162: 25% LF | B162: Europe | C162: Meat | D162: Poultry | E162: =E8*0.25 -> 1.75 | F162: =F8*0.25 -> 0.225 | G162: =G8*0.25 -> 1.25 | H162: =H8*0.25 -> 1 | I162: =I8*0.25 -> 2.75
A163: 25% LF | B163: Europe | C163: Milk & Eggs | D163: Eggs | E163: =E9*0.25 -> 1 | F163: =F9*0.25 -> 0.475 | G163: =G9*0.25 -> 0.125 | H163: =H9*0.25 -> 0.5 | I163: =I9*0.25 -> 2
A164: 25% LF | B164: Europe | C164: Milk & Eggs | D164: Milk | E164: =E10*0.25 -> 0.875 | F164: =F10*0.25 -> 0.425 | G164: =G10*0.25 -> 0.3 | H164: =H10*0.25 -> 0.205 | I164: =I10*0.25 -> 1.75
A165: 25% LF | B165: Europe | C165: Oil crops & Pulses | D165: N/A | E165: =E11*0.25 -> 1.325 | F165: =F11*0.25 -> 0.3 | G165: =G11*0.25 -> 1.25 | H165: =H11*0.25 -> 0.25 | I165: =I11*0.25 -> 1
A166: 25% LF | B166: Europe | C166: Roots & Tubers | D166: Starchy Roots | E166: =E12*0.25 -> 5 | F166: =F12*0.25 -> 1.9 | G166: =G12*0.25 -> 3.45 | H166: =H12*0.25 -> 1.75 | I166: =I12*0.25 -> 4.25
A167: 25% LF | B167: IndusAsia | C167: Cereals | D167: N/A | E167: =E13*0.25 -> 0.98 | F167: =F13*0.25 -> 1.06 | G167: =G13*0.25 -> 2.95 | H167: =H13*0.25 -> 0.5 | I167: =I13*0.25 -> 3.4125
... A232: 25% LF | B232: SSEA | C232: Roots & Tubers | D232: Starchy Roots | E232: =E78*0.25 -> 2.0375 | F232: =F78*0.25 -> 3.0275 | G232: =G78*0.25 -> 2.5 | H232: =H78*0.25 -> 2.695 | I232: =I78*0.25 -> 0.97
A233: 75% LF | B233: Europe | C233: Cereals | D233: N/A | E233: =E2*0.75 -> 3.225 | F233: =F2*0.75 -> 2.85 | G233: =G2*0.75 -> 7.875 | H233: =H2*0.75 -> 2.25 | I233: =I2*0.75 -> 20.25
A234: 75% LF | B234: Europe | C234: Fruits & Vegetables | D234: N/A | E234: =E3*0.75 -> 15 | F234: =F3*0.75 -> 5.475 | G234: =G3*0.75 -> 1.5 | H234: =H3*0.75 -> 3.675 | I234: =I3*0.75 -> 14.25
A235: 75% LF | B235: Europe | C235: Marine | D235: Fish & Seafood | E235: =E4*0.75 -> 7.05 | F235: =F4*0.75 -> 5.925 | G235: =G4*0.75 -> 4.5 | H235: =H4*0.75 -> 6.75 | I235: =I4*0.75 -> 8.25
A236: 75% LF | B236: Europe | C236: Meat | D236: Bovine | E236: =E5*0.75 -> 1.725 | F236: =F5*0.75 -> 0.45 | G236: =G5*0.75 -> 3.75 | H236: =H5*0.75 -> 3 | I236: =I5*0.75 -> 8.25
A237: 75% LF | B237: Europe | C237: Meat | D237: Mutton & Goat | E237: =E6*0.75 -> 7.5 | F237: =F6*0.75 -> 0.45 | G237: =G6*0.75 -> 3.75 | H237: =H6*0.75 -> 3 | I237: =I6*0.75 -> 8.25
A238: 75% LF | B238: Europe | C238: Meat | D238: Pigmeat | E238: =E7*0.75 -> 1.875 | F238: =F7*0.75 -> 0.225 | G238: =G7*0.75 -> 3.75 | H238: =H7*0.75 -> 3 | I238: =I7*0.75 -> 8.25
A239: 75% LF | B239: Europe | C239: Meat | D239: Poultry | E239: =E8*0.75 -> 5.25 | F239: =F8*0.75 -> 0.675 | G239: =G8*0.75 -> 3.75 | H239: =H8*0.75 -> 3 | I239: =I8*0.75 -> 8.25
A240: 75% LF | B240: Europe | C240: Milk & Eggs | D240: Eggs | E240: =E9*0.75 -> 3 | F240: =F9*0.75 -> 1.425 | G240: =G9*0.75 -> 0.375 | H240: =H9*0.75 -> 1.5 | I240: =I9*0.75 -> 6
A241: 75% LF | B241: Europe | C241: Milk & Eggs | D241: Milk | E241: =E10*0.75 -> 2.625 | F241: =F10*0.75 -> 1.275 | G241: =G10*0.75 -> 0.9 | H241: =H10*0.75 -> 0.615 | I241: =I10*0.75 -> 5.25
A242: 75% LF | B242: Europe | C242: Oil crops & Pulses | D242: N/A | E242: =E11*0.75 -> 3.975 | F242: =F11*0.75 -> 0.9 | G242: =G11*0.75 -> 3.75 | H242: =H11*0.75 -> 0.75 | I242: =I11*0.75 -> 3
A243: 75% LF | B243: Europe | C243: Roots & Tubers | D243: Starchy Roots | E243: =E12*0.75 -> 15 | F243: =F12*0.75 -> 5.7 | G243: =G12*0.75 -> 10.35 | H243: =H12*0.75 -> 5.25 | I243: =I12*0.75 -> 12.75
A244: 75% LF | B244: IndusAsia | C244: Cereals | D244: N/A | E244: =E13*0.75 -> 2.94 | F244: =F13*0.75 -> 3.18 | G244: =G13*0.75 -> 8.85 | H244: =H13*0.75 -> 1.5 | I244: =I13*0.75 -> 10.2375
... A309: 75% LF | B309: SSEA | C309: Roots & Tubers | D309: Starchy Roots | E309: =E78*0.75 -> 6.1125 | F309: =F78*0.75 -> 9.0825 | G309: =G78*0.75 -> 7.5 | H309: =H78*0.75 -> 8.085 | I309: =I78*0.75 -> 2.91
A310: 50% Production | B310: Europe | C310: Cereals | D310: N/A | E310: =E2*0.5 -> 2.15 | F310: 3.8 | G310: 10.5 | H310: 3 | I310: 27
A311: 50% Production | B311: Europe | C311: Fruits & Vegetables | D311: N/A | E311: =E3*0.5 -> 10 | F311: 7.3 | G311: 2 | H311: 4.9 | I311: 19
A312: 50% Production | B312: Europe | C312: Marine | D312: Fish & Seafood | E312: =E4*0.5 -> 4.7 | F312: 7.9 | G312: 6 | H312: 9 | I312: 11
A313: 50% Production | B313: Europe | C313: Meat | D313: Bovine | E313: =E5*0.5 -> 1.15 | F313: 0.6 | G313: 5 | H313: 4 | I313: 11
A314: 50% Production | B314: Europe | C314: Meat | D314: Mutton & Goat | E314: =E6*0.5 -> 5 | F314: 0.6 | G314: 5 | H314: 4 | I314: 11
A315: 50% Production | B315: Europe | C315: Meat | D315: Pigmeat | E315: =E7*0.5 -> 1.25 | F315: 0.3 | G315: 5 | H315: 4 | I315: 11
A316: 50% Production | B316: Europe | C316: Meat | D316: Poultry | E316: =E8*0.5 -> 3.5 | F316: 0.9 | G316: 5 | H316: 4 | I316: 11
A317: 50% Production | B317: Europe | C317: Milk & Eggs | D317: Eggs | E317: =E9*0.5 -> 2 | F317: 1.9 | G317: 0.5 | H317: 2 | I317: 8
A318: 50% Production | B318: Europe | C318: Milk & Eggs | D318: Milk | E318: =E10*0.5 -> 1.75 | F318: 1.7 | G318: 1.2 | H318: 0.82 | I318: 7
A319: 50% Production | B319: Europe | C319: Oil crops & Pulses | D319: N/A | E319: =E11*0.5 -> 2.65 | F319: 1.2 | G319: 5 | H319: 1 | I319: 4
A320: 50% Production | B320: Europe | C320: Roots & Tubers | D320: Starchy Roots | E320: =E12*0.5 -> 10 | F320: 7.6 | G320: 13.8 | H320: 7 | I320: 17
A321: 50% Production | B321: IndusAsia | C321: Cereals | D321: N/A | E321: =E13*0.5 -> 1.96 | F321: 4.24 | G321: 11.8 | H321: 2 | I321: 13.65
... A386: 50% Production | B386: SSEA | C386: Roots & Tubers | D386: Starchy Roots | E386: =E78*0.5 -> 4.075 | F386: 12.11 | G386: 10 | H386: 10.78 | I386: 3.88
A387: 0% Production | B387: Europe | C387: Cereals | D387: N/A | E387: 0 | F387: 3.8 | G387: 10.5 | H387: 3 | I387: 27
A388: 0% Production | B388: Europe | C388: Fruits & Vegetables | D388: N/A | E388: 0 | F388: 7.3 | G388: 2 | H388: 4.9 | I388: 19
A389: 0% Production | B389: Europe | C389: Marine | D389: Fish & Seafood | E389: 0 | F389: 7.9 | G389: 6 | H389: 9 | I389: 11
A390: 0% Production | B390: Europe | C390: Meat | D390: Bovine | E390: 0 | F390: 0.6 | G390: 5 | H390: 4 | I390: 11
A391: 0% Production | B391: Europe | C391: Meat | D391: Mutton & Goat | E391: 0 | F391: 0.6 | G391: 5 | H391: 4 | I391: 11
A392: 0% Production | B392: Europe | C392: Meat | D392: Pigmeat | E392: 0 | F392: 0.3 | G392: 5 | H392: 4 | I392: 11
A393: 0% Production | B393: Europe | C393: Meat | D393: Poultry | E393: 0 | F393: 0.9 | G393: 5 | H393: 4 | I393: 11
A394: 0% Production | B394: Europe | C394: Milk & Eggs | D394: Eggs | E394: 0 | F394: 1.9 | G394: 0.5 | H394: 2 | I394: 8
A395: 0% Production | B395: Europe | C395: Milk & Eggs | D395: Milk | E395: 0 | F395: 1.7 | G395: 1.2 | H395: 0.82 | I395: 7
A396: 0% Production | B396: Europe | C396: Oil crops & Pulses | D396: N/A | E396: 0 | F396: 1.2 | G396: 5 | H396: 1 | I396: 4
A397: 0% Production | B397: Europe | C397: Roots & Tubers | D397: Starchy Roots | E397: 0 | F397: 7.6 | G397: 13.8 | H397: 7 | I397: 17
A398: 0% Production | B398: IndusAsia | C398: Cereals | D398: N/A | E398: 0 | F398: 4.24 | G398: 11.8 | H398: 2 | I398: 13.65
... A463: 0% Production | B463: SSEA | C463: Roots & Tubers | D463: Starchy Roots | E463: 0 | F463: 12.11 | G463: 10 | H463: 10.78 | I463: 3.88
A464: 50% Consumption | B464: Europe | C464: Cereals | D464: N/A | E464: 4.3 | F464: 3.8 | G464: 10.5 | H464: 3 | I464: =I2*0.5 -> 13.5
A465: 50% Consumption | B465: Europe | C465: Fruits & Vegetables | D465: N/A | E465: 20 | F465: 7.3 | G465: 2 | H465: 4.9 | I465: =I3*0.5 -> 9.5
A466: 50% Consumption | B466: Europe | C466: Marine | D466: Fish & Seafood | E466: 9.4 | F466: 7.9 | G466: 6 | H466: 9 | I466: =I4*0.5 -> 5.5
A467: 50% Consumption | B467: Europe | C467: Meat | D467: Bovine | E467: 2.3 | F467: 0.6 | G467: 5 | H467: 4 | I467: =I5*0.5 -> 5.5
A468: 50% Consumption | B468: Europe | C468: Meat | D468: Mutton & Goat | E468: 10 | F468: 0.6 | G468: 5 | H468: 4 | I468: =I6*0.5 -> 5.5
A469: 50% Consumption | B469: Europe | C469: Meat | D469: Pigmeat | E469: 2.5 | F469: 0.3 | G469: 5 | H469: 4 | I469: =I7*0.5 -> 5.5
A470: 50% Consumption | B470: Europe | C470: Meat | D470: Poultry | E470: 7 | F470: 0.9 | G470: 5 | H470: 4 | I470: =I8*0.5 -> 5.5
A471: 50% Consumption | B471: Europe | C471: Milk & Eggs | D471: Eggs | E471: 4 | F471: 1.9 | G471: 0.5 | H471: 2 | I471: =I9*0.5 -> 4
A472: 50% Consumption | B472: Europe | C472: Milk & Eggs | D472: Milk | E472: 3.5 | F472: 1.7 | G472: 1.2 | H472: 0.82 | I472: =I10*0.5 -> 3.5
A473: 50% Consumption | B473: Europe | C473: Oil crops & Pulses | D473: N/A | E473: 5.3 | F473: 1.2 | G473: 5 | H473: 1 | I473: =I11*0.5 -> 2
A474: 50% Consumption | B474: Europe | C474: Roots & Tubers | D474: Starchy Roots | E474: 20 | F474: 7.6 | G474: 13.8 | H474: 7 | I474: =I12*0.5 -> 8.5
A475: 50% Consumption | B475: IndusAsia | C475: Cereals | D475: N/A | E475: 3.92 | F475: 4.24 | G475: 11.8 | H475: 2 | I475: =I13*0.5 -> 6.825
... A540: 50% Consumption | B540: SSEA | C540: Roots & Tubers | D540: Starchy Roots | E540: 8.15 | F540: 12.11 | G540: 10 | H540: 10.78 | I540: =I78*0.5 -> 1.94
A541: 0% Consumption | B541: Europe | C541: Cereals | D541: N/A | E541: 4.3 | F541: 3.8 | G541: 10.5 | H541: 3 | I541: 0
A542: 0% Consumption | B542: Europe | C542: Fruits & Vegetables | D542: N/A | E542: 20 | F542: 7.3 | G542: 2 | H542: 4.9 | I542: 0
A543: 0% Consumption | B543: Europe | C543: Marine | D543: Fish & Seafood | E543: 9.4 | F543: 7.9 | G543: 6 | H543: 9 | I543: 0
A544: 0% Consumption | B544: Europe | C544: Meat | D544: Bovine | E544: 2.3 | F544: 0.6 | G544: 5 | H544: 4 | I544: 0
A545: 0% Consumption | B545: Europe | C545: Meat | D545: Mutton & Goat | E545: 10 | F545: 0.6 | G545: 5 | H545: 4 | I545: 0
A546: 0% Consumption | B546: Europe | C546: Meat | D546: Pigmeat | E546: 2.5 | F546: 0.3 | G546: 5 | H546: 4 | I546: 0
A547: 0% Consumption | B547: Europe | C547: Meat | D547: Poultry | E547: 7 | F547: 0.9 | G547: 5 | H547: 4 | I547: 0
A548: 0% Consumption | B548: Europe | C548: Milk & Eggs | D548: Eggs | E548: 4 | F548: 1.9 | G548: 0.5 | H548: 2 | I548: 0
...

Sheet Emissions factors
A1: Region | B1: Commodity group | C1: Commodity | D1: EF
A2: Europe | B2: Cereals | C2: Barley | D2: 1.57
A3: Europe | B3: Cereals | C3: Maize | D3: 0.45
A4: Europe | B4: Cereals | C4: Millet | D4: 0.93
A5: Europe | B5: Cereals | C5: Oats | D5: 0.61
A6: Europe | B6: Cereals | C6: Rice | D6: 2.88
A7: Europe | B7: Cereals | C7: Rye | D7: 0.46
A8: Europe | B8: Cereals | C8: Sorghum | D8: 0.93
A9: Europe | B9: Cereals | C9: Wheat | D9: 0.61
A10: Europe | B10: Cereals | C10: Other Cereals | D10: 0.43
A11: Europe | B11: Fruit & Vegetables | C11: Apples | D11: 0.25
A12: Europe | B12: Fruit & Vegetables | C12: Bananas | D12: 0.35
A13: Europe | B13: Fruit & Vegetables | C13: Citrus | D13: 0.36
... A176: NAWCA | B176: Roots & Tubers | C176: Starchy Roots | D176: 0.15

Sheet Transport Inputs
B2: DATA INVENTORY — TRANSPORT
B4: TABLE 18 - Assumptions for Conventional ICE Passenger Car Stock
B5: Variables (unit) | C5: Base Year (2020) | D5: Projection for 2050
B6: Vehicles (millions) | C6: =15797746/1000000 -> 15.797746 | D6: =((190/1000*'Wedge Scale'!B28)/1000000)*0.9 -> 56.24703
B7: Distance (v-km/vehicle) | C7: 13650 | D7: =D8/D6*1000 -> 15929.73
B8: Total distance (billion v-km) | C8: =C6*C7/1000 -> 215.63923 | D8: =3200*28% -> 896
B9: Fuel efficiency (kWh/v-km) | C9: =7.9/100*8.94 -> 0.70626 | D9: 0.55
B10: Emissions intensity (gCO₂e/v-km) | C10: =C9*('Power Sector Inputs'!$H$9*3.6) -> 224.2593 | D10: =D9*('Power Sector Inputs'!$H$9*3.6) -> 174.64194
B11: Total emissions (MtCO2e) | C11: =C8*C10/1000 -> 48.359104 | D11: =D8*D10/1000 -> 156.47918
B13: TABLE 19 - Assumptions for Public Transport Fleet Compared to ICE Cars and EVs
B14: Variables (unit) | C14: Base Year (2020) | D14: Projection for 2050
B15: Share (% p-km) - Public Transport
B16: Bus (electric) | C16: 0.011711712 | D16: 0.10540541
B17: Bus (gas) | C17: 0.011711712 | D17: 0.035135135
B18: Bus (oil) | C18: 0.84324324 | D18: 0.7027027
B19: Train (electric) | C19: 0.10133333 | D19: 0.112
B20: Train (oil) | C20: 0.032 | D20: 0.037333333
B21: Fuel efficiency (kWh/v-km)
B22: Bus (electric) | C22: 1 | D22: 0.83606557
B23: Bus (gas) | C23: 6 | D23: 3.5806452
B24: Bus (oil) | C24: 5 | D24: 2.983871
B25: Train (electric) | C25: 23.3 | D25: 19.480328
B26: Train (oil) | C26: 29 | D26: 17.358773
B27: Car (ICE) | C27: 0.70626 | D27: 0.55
B28: Car (EV) | C28: 0.143 | D28: 0.12155
B29: Occupancy (passengers/vehicle)
B30: Bus | C30: =24.9 -> 24.9 | D30: 23.942308
B31: Train | C31: =(29066*10^6)/(124951*365/0.7) -> 446.11899 | D31: 450.80265
B32: Cars | C32: 1.6 | D32: 1.6
B33: Emission intensity (gCO₂e/p-km)
B34: Bus (electric) | C34: =((C22*'Power Sector Inputs'!C66)/'Transport Inputs'!C30) -> 34.751807 | D34: =((D22*'Power Sector Inputs'!E66)/'Transport Inputs'!D30) -> 0.48888011
B35: Bus (gas) | C35: =((C23*'Power Sector Inputs'!H8*3.6)/'Transport Inputs'!C30) -> 62.59706 | D35: =((D23*'Power Sector Inputs'!H8*3.6)/'Transport Inputs'!D30) -> 38.850563
B36: Bus (oil) | C36: =((C24*'Power Sector Inputs'!H9*3.6)/'Transport Inputs'!C30) -> 63.761205 | D36: =((D24*'Power Sector Inputs'!H9*3.6)/'Transport Inputs'!D30) -> 39.573083
B37: Train (electric) | C37: =((C25*'Power Sector Inputs'!C66)/'Transport Inputs'!C31) -> 45.194122 | D37: =((D25*'Power Sector Inputs'!E66)/'Transport Inputs'!D31) -> 0.60497557
B38: Train (oil) | C38: =((C26*'Power Sector Inputs'!H9*3.6)/'Transport Inputs'!C31) -> 20.641115 | D38: =((D26*'Power Sector Inputs'!H9*3.6)/'Transport Inputs'!D31) -> 12.226958
B39: Public transport (average) | C39: =(C34*C16)+(C35*C17)+(C36*C18)+(C37*C19)+(C38*C20) -> 60.146514 | D39: =(D34*D16)+(D35*D17)+(D36*D18)+(D37*D19)+(D38*D20) -> 29.748893
B40: Car (ICE) | C40: =(C27*'Power Sector Inputs'!H9*3.6)/'Transport Inputs'!C32 -> 140.16206 | D40: =(D27*'Power Sector Inputs'!H9*3.6)/'Transport Inputs'!D32 -> 109.15121
B41: Car (EV) | C41: =C28*'Power Sector Inputs'!C66/'Transport Inputs'!C32 -> 77.337975 | D41: =D28*'Power Sector Inputs'!E66/'Transport Inputs'!D32 -> 1.0635625
B43: TABLE 20 - Distance Travelled by Each Mode of Land Transport in Indonesia
B44: Mode | C44: Share (%p-km) | D44: Distance per Trip (km) | E44: Occupancy (passenger/vehicle) | F44: Share (%v-km) | H44: Base Year 2020 (trillion p-km) | I44: Projection for 2050 (trillion p-km)
F45: Relative | G45: Final Share
B46: Car | C46: 0.192 | D46: 16.8 | E46: 1.6 | F46: =C46/E46 -> 0.12 | G46: =F46/SUM($F$46:$F$54) -> 0.17908913 | H46: =(C46*'Wedge Scale'!$A$28*2.56*'Transport Inputs'!D46*365)/10^12 -> 0.81251429 | I46: =3.2*G46*E46 -> 0.91693635
B47: Motorcycle | C47: 0.692 | D47: 9.3 | E47: 1.4 | F47: =C47/E47 -> 0.49428571 | G47: =F47/SUM($F$46:$F$54) -> 0.73767666 | H47: =(C47*'Wedge Scale'!$A$28*2.56*'Transport Inputs'!D47*365)/10^12 -> 1.621099 | I47: =3.2*G47*E47 -> 3.3047914
B48: Taxi | C48: 0.003 | D48: 8.7 | E48: 1.6 | F48: =C48/E48 -> 0.001875 | G48: =F48/SUM($F$46:$F$54) -> 0.0027982677 | H48: =(C48*'Wedge Scale'!$A$28*2.56*'Transport Inputs'!D48*365)/10^12 -> 0.0065744739 | I48: =3.2*G48*E48 -> 0.01432713
B49: Motorcycle Taxi | C49: 0.038 | D49: 5.4 | E49: 1.4 | F49: =C49/E49 -> 0.027142857 | G49: =F49/SUM($F$46:$F$54) -> 0.040508256 | H49: =(C49*'Wedge Scale'!$A$28*2.56*'Transport Inputs'!D49*365)/10^12 -> 0.051688967 | I49: =3.2*G49*E49 -> 0.18147699
B50: Bus | C50: 0.013 | D50: 16.1 | E50: 24.9 | F50: =C50/E50 -> 0.00052208835 | G50: =F50/SUM($F$46:$F$54) -> 0.00077916958 | H50: =(C50*'Wedge Scale'!$A$28*2.56*'Transport Inputs'!D50*365)/10^12 -> 0.052721739 | I50: =3.2*G50*E50 -> 0.062084232
B51: Paratransit | C51: 0.045 | D51: 8.4 | E51: 4.4 | F51: =C51/E51 -> 0.010227273 | G51: =F51/SUM($F$46:$F$54) -> 0.015263278 | H51: =(C51*'Wedge Scale'!$A$28*2.56*'Transport Inputs'!D51*365)/10^12 -> 0.095216519 | I51: =3.2*G51*E51 -> 0.21490696
B52: Rail | C52: 0.002 | D52: 10 | E52: 446.11899 | F52: =C52/E52 -> 4.4831089e-06 | G52: =F52/SUM($F$46:$F$54) -> 6.6906339e-06 | H52: =(C52*'Wedge Scale'!$A$28*2.56*'Transport Inputs'!D52*365)/10^12 -> 0.005037911 | I52: =3.2*G52*E52 -> 0.0095514203
B53: Walking | C53: 0.011 | D53: 2 | E53: 1 | F53: =C53/E53 -> 0.011 | G53: =F53/SUM($F$46:$F$54) -> 0.016416504 | H53: =(C53*'Wedge Scale'!$A$28*2.56*'Transport Inputs'!D53*365)/10^12 -> 0.0055417021 | I53: =3.2*G53*E53 -> 0.052532812
B54: Cycling | C54: 0.005 | D54: 2 | E54: 1 | F54: =C54/E54 -> 0.005 | G54: =F54/SUM($F$46:$F$54) -> 0.0074620471 | H54: =(C54*'Wedge Scale'!$A$28*2.56*'Transport Inputs'!D54*365)/10^12 -> 0.0025189555 | I54: =3.2*G54*E54 -> 0.023878551
B55: Total | H55: =SUM(H46:H54) -> 2.6529136 | I55: =SUM(I46:I54) -> 4.7804859
B57: Estimation of Electricity Required for Deploying More Electric Vehicle Strategy
B58: Fuel Efficiency (kWh/v-km) | C58: Occupancy (passenger/vehicle) | D58: Electricity Needed (TWh)
B59: =D28 -> 0.12155 | C59: =D32 -> 1.6 | D59: =(B59/C59)*('Effort & Upper Bound'!E32*10^3) -> 47.567039
B61: TABLE 21 -Assumptions for Deploy More Biofuels Vehicle Strategy
B62: Fuel Type | C62: Emission Factor (gCO₂e/MJ)
C63: Well-to-Tank (WTT) | D63: Direct Land Use Change (DLUC) | E63: Tank-to-Wheel (TTW) | F63: Well-to-Wheel (WTW)
B64: Diesel (B35) | C64: 29.4 | D64: 37 | E64: 48.9 | F64: =SUM(C64:E64) -> 115.3
B66: TABLE 22 - Assumptions for Passenger Aviation Fleet
B67: Variables (unit) | C67: Base Year (2020) | D67: Projection for 2050 | F67: Domestic Flight | L67: International Flight | R67: Average
B68: Distance (billion p-km) | C68: =70.234+112.43 -> 182.664 | D68: 445.56969 | F68: Fuel (litre) | G68: Mass (kg) | H68: Energy (MJ) | I68: Energy (kWh) | J68: Aircraft-km | K68: Fuel Efficiency (kWh/v-km) | L68: Fuel | M68: Mass | N68: Energy (MJ) | O68: Energy (kWh) | P68: Aircraft-km | Q68: Fuel Efficiency (kWh/v-km)
B69: Occupancy (passenger/flight) | C69: 97.14 | D69: 98.759 | F69: 1505477130 | G69: =F69*0.75 -> 1.1291078e+09 | H69: =G69*43.1 -> 4.8664548e+10 | I69: =H69/3.6 -> 1.351793e+10 | J69: 578202000 | K69: =I69/J69 -> 23.379252 | L69: 3670193467 | M69: =L69*0.75 -> 2.7526451e+09 | N69: =M69*43.1 -> 1.18639e+11 | O69: =N69/3.6 -> 3.2955279e+10 | P69: 576372000 | Q69: =O69/P69 -> 57.177099 | R69: =(K69+Q69)/2 -> 40.278175
B70: Fuel efficiency (kWh/v-km) | C70: 40.278175 | D70: =C70*75% -> 30.208631
B71: Emissions intensity (gCO₂e/p-km) | C71: =(((SUM('Power Sector Inputs'!$C$9:$E$9)*1.7*3.6)+('Power Sector Inputs'!$F$9*3.6))*'Transport Inputs'!C70)/'Transport Inputs'!C69 -> 208.50576 | D71: =(((SUM('Power Sector Inputs'!$C$9:$E$9)*1.7*3.6)+('Power Sector Inputs'!$F$9*3.6))*'Transport Inputs'!D70)/'Transport Inputs'!D69 -> 153.81572
B72: Total emissions (MtCO2e) | C72: =C71*C68/1000 -> 38.086496 | D72: =D71*D68/1000 -> 68.535624
B74: TABLE 23 - Assumptions for Decarbonise Freight Road Strategy
B75: Mode of Road Transport | C75: Share of Emission | E75: Total Road Transport Emission (MtCO₂e) | G75: Freight Road Transport Emission (MtCO₂e)
C76: 2020 | D76: 2050 | E76: 2020 | F76: 2050 | G76: 2020 | H76: 2050
B77: Freight Road | C77: 0.287 | D77: 0.3042 | E77: 146 | F77: 434 | G77: =E77*C77 -> 41.902 | H77: =F77*D77 -> 132.0228

Sheet Buildings Inputs
B2: DATA INVENTORY — BUILDINGS
B4: TABLE 24 - Assumptions for Deploy More Clean Cookstoves Strategy
B5: Useful Energy Demand per Stove (MJ/year) | C5: Traditional Stove Efficiency (%) | D5: Improved Stove Efficiency (%) | E5: HHV Air-Dried Wood (MJ/kg) | F5: Traditional Stove Emission (gCO₂e/kg wood combusted) | G5: Improved Stove Emission (gCO₂e/kg wood combusted) | H5: E Traditional (tCO₂e/year) | I5: E Improved (tCO₂e/year) | J5: Number of Households (Unit) | K5: Share of Households Using Fuelwood Traditional Stove (%)
B6: 4600 | C6: 0.2 | D6: 0.5 | E6: 15 | F6: 1225 | G6: 567 | H6: =((B6/(C6*E6))*F6)/1000000 -> 1.8783333 | I6: =((B6/(D6*E6))*G6)/1000000 -> 0.34776 | J6: 70628952 | K6: 0.1176
B8: TABLE 25 - Assumptions for Deploy More Heat Pump Strategy
B9: Share of Household Owned Water Heater (%) | C9: Population 2020 | D9: Water Heating GHG Emission (kgCO₂e/cap/day) | E9: Water Heater per Capita | F9: Annual Water Heating Emission (MtCO₂e)
B10: 0.013 | C10: ='Wedge Scale'!A28 -> 269580000 | D10: 0.379 | E10: =(B10*J6)*(C10/J6) -> 3504540 | F10: =E10*D10*365/1000000000 -> 0.48480054
B12: TABLE 26 - Assumptions for Reduce Building Heat Transfer Strategy
B13: Variable (unit) | C13: Base Year (2020) | D13: Projection for 2050
B14: Total Thermal Demand (TJ) | C14: 1033129 | D14: 4633361
B15: U-Value (W/m2 K) | C15: 1.9 | D15: 1.4777778
B16: SEER | C16: =3.5*1.12 -> 3.92 | D16: 5.1
B17: UED (TWh) | C17: =C14/3600 -> 286.98028 | D17: =D14/3600 -> 1287.0447
B18: FED (TWh) | C18: =C17/C16 -> 73.209255 | D18: =D17/D16 -> 252.36171
B19: Emissions (MtCO2e) | C19: =C18*'Power Sector Inputs'!C66/1000 -> 63.349432 | D19: =D18*'Power Sector Inputs'!D66/1000 -> 126.68558

Sheet Industry Inputs
B2: DATA INVENTORY — INDUSTRY
B4: TABLE 26 - Assumptions for Produce Clean Hydrogen Strategy
B5: Variable (unit) | C5: Base Year (2020) | D5: Projection for 2050 - BAU | E5: Projection for 2050 - Low Carbon
B6: Share (%)
B7: Steam Methane Reforming | C7: - | D7: 0.15356098 | E7: 0
B8: Coal Gasification | C8: - | D8: 0.011099568 | E8: 0
B9: Electrolysis | C9: - | D9: 0.83533945 | E9: 0.83533945
B10: Steam Methane Reforming w/ CCS | C10: - | D10: 0 | E10: 0.15356098
B11: Coal Gasification w/ CCS | C11: - | D11: 0 | E11: 0.011099568
B12: Efficiency (%)
B13: Steam Methane Reforming | C13: - | D13: 0.78 | E13: 0.78
B14: Coal Gasification | C14: - | D14: 0.47 | E14: 0.47
B15: Electrolysis | C15: - | D15: 0.7 | E15: 0.7
B16: Steam Methane Reforming w/ CCS | C16: - | D16: NA | E16: NA
B17: Coal Gasification w/ CCS | C17: - | D17: 0.58 | E17: 0.58
B18: Emission Intensity (gCO₂e/kWh)
B19: Steam Methane Reforming | C19: - | D19: =('Power Sector Inputs'!$H$8*3.6)/'Industry Inputs'!D13 -> 333.04846 | E19: =('Power Sector Inputs'!$H$8*3.6)/'Industry Inputs'!E13 -> 333.04846
B20: Coal Gasification | C20: - | D20: =('Power Sector Inputs'!$H$7*3.6)/'Industry Inputs'!D14 -> 879.98706 | E20: =('Power Sector Inputs'!$H$7*3.6)/'Industry Inputs'!E14 -> 879.98706
B21: Electrolysis | C21: - | D21: ='Power Sector Inputs'!D66/'Industry Inputs'!D15 -> 717.14286 | E21: ='Power Sector Inputs'!E66/'Industry Inputs'!E15 -> 20
B22: Steam Methane Reforming w/ CCS | C22: - | D22: =D19*33% -> 109.90599 | E22: =E19*33% -> 109.90599
B23: Coal Gasification w/ CCS | C23: - | D23: =('Power Sector Inputs'!$H$7*3.6)/'Industry Inputs'!D17 -> 713.09297 | E23: =('Power Sector Inputs'!$H$7*3.6)/'Industry Inputs'!E17 -> 713.09297
B24: Weighted Mean | C24: - | D24: =(D19*D7)+(D20*D8)+(D21*D9) -> 659.96844 | E24: =(E21*E9)+(E22*E10)+(E23*E11) -> 41.499085
B25: Hydrogen Demand (Mt) | D25: =5711883/1000000 -> 5.711883 | E25: =5711883/1000000 -> 5.711883
B26: Electricity Required for Electrolysis (TWh) | E26: ='Effort & Upper Bound'!D3/(('Industry Inputs'!D24-'Industry Inputs'!E24)/1000) -> 109.42814
B28: TABLE 27 - Inputs and Assumptions for Produce Clean Steel and Cement Strategy
B29: Variable (Unit) | C29: Base Year (2020) | D29: Projection for 2050
B30: Basic Oxygen Steel Emission Intensity (tCO₂e/t)
B31: Unabated | C31: =20*'Power Sector Inputs'!H7/1000 -> 2.297744 | D31: =18*'Power Sector Inputs'!H7/1000 -> 2.0679696
B32: With CCS | C32: - | D32: =D31*((1-0.9)+(0.9*330*502*10^(-6))) -> 0.51511882
B33: Hydrogen-DRI Emission Intensity (tCO₂e/t) | C33: - | D33: =10*('Power Sector Inputs'!E66/3600) -> 0.038888889
B34: Cement Emission Intensity (tCO₂e/t)
B35: Unabated | C35: 0.70967742 | D35: 0.7195122
B36: With CCS | C36: - | D36: =D35*((1-0.9)+(0.9*330*502*10^(-6))) -> 0.17922617
B37: Estimated National Production (Mt)
B38: Steel | C38: 13 | D38: 44
B39: Cement | C39: 62 | D39: 105
B40: Electricity Required for Hydrogen-DRI (TWh) | D40: =(10/3.6)*'Effort & Upper Bound'!E49 -> 92.649993
B42: TABLE 28 - Cumulative HFC Emission 2020 - 2050 under BAU and Kigali Schedule
B43: Variable (Unit) | C43: Bussiness as Usual | D43: Kigali Schedule
B44: Residual Emission (MtCO₂e) | C44: 565.96 | D44: 486.74
B45: Avoided Emission (MtCO₂e) | C45: - | D45: =C44-D44 -> 79.22
B47: TABLE 29 - Cumulative Methane emissions from Oil and Gas Production Between 2020 and 2050
B48: Variable (Unit) | C48: Projection for 2020 - 2050
B49: Cumulative Emission from Oil (MtCO₂e) | C49: =SUM('Add. Industry'!Y3:Y33) -> 666.50278
B50: Cumulative Emission from Gas (MtCO₂e) | C50: =SUM('Add. Industry'!Z3:Z33) -> 679.73536
B51: Cumulative Emission from Oil & Gas (MtCO₂e) | C51: =C49+C50 -> 1346.2381
B53: TABLE 30 - Inputs for Build DAC Plants Strategy
B54: Variable (Unit) | C54: Value
B55: Heat and Electricity Requirements for Solid Sorbent DAC Plants
B56: Basic Electricity Consumption (kWh/tCO₂) | C56: 278
B57: Energy Input for Heat (kWh/tCO₂) | C57: 444.44444
B58: Emission Factor Electricity
B59: Under low carbon (LCCP) scenario (gCO₂e/kWh) | C59: ='Power Sector Inputs'!E66 -> 14
B60: Carbon Efficiency
B61: Solid Sorben DAC Plants (%) | C61: =1-((C56+C57)*(C59/1000000)) -> 0.98988578
D1048552: Johnson & Staffel (2026)

Sheet Add. Industry
A1: Annual HFC Emission (MtCO₂e) - BAU & Kigali | E1: Historical Methane Intensities for Global Oil and Gas Production | R1: Annual Methane Emissions from Oil and Gas Operation Between 2020 and 2050
A2: Annual HFC Emission (MtCO₂e) - BAU | B2: Annual HFC Emission (MtCO₂e) - Kigali | C2: Year | E2: Year | F2: Methane Emission (ktCH4) | G2: Methane Emission (ktCO₂e) | H2: Oil Production (TJ) | I2: Gas Production (TJ) | J2: Oil Production (TWh) | K2: Gas Production (TWh) | L2: Methane Intensity - Oil (ktCO₂e/TWh) | M2: Methane Intensity - Gas (ktCO₂e/TWh) | N2: Reduction Rate Oil (%) | O2: Reduction Rate Gas (%) | P2: Average Reduction Rate (%) | R2: Year | S2: Methane Intensity - Oil (ktCO₂e/TWh) | T2: Methane Intensity - Gas (ktCO₂e/TWh) | U2: Oil Production (EJ) | V2: Gas Production (EJ) | W2: Oil Production (TWh) | X2: Gas Production (TWh) | Y2: Methane Emissions - Oil (MtCO₂e) | Z2: Methane Emissions - Gas (MtCO₂e)
A3: 16.9 | B3: 16.9 | C3: 2020 | E3: 2010 | F3: 1209.38 | G3: =F3*30 -> 36281.4 | H3: 2821545 | I3: 1625437 | J3: =H3/3600 -> 783.7625 | K3: =I3/3600 -> 451.51028 | L3: =G3/J3 -> 46.291319 | M3: =G3/K3 -> 80.355646 | N3: =(L3-L4)/L3 -> 0.019396306 | O3: =(M3-M4)/M3 -> -0.052868991 | P3: =AVERAGE(N3:O15) -> 0.026971414 | R3: 2020 | S3: 36.667652 | T3: 60.462639 | U3: 2.830329 | V3: 1.716457 | W3: =U3*277.78 -> 786.20879 | X3: =V3*277.78 -> 476.79743 | Y3: =(S3*W3)/1000 -> 28.828431 | Z3: =(T3*X3)/1000 -> 28.828431
A4: 17.1 | B4: 17.1 | C4: 2021 | E4: 2011 | F4: 1169.53 | G4: =F4*30 -> 35085.9 | H4: 2782544 | I4: 1492947 | J4: =H4/3600 -> 772.92889 | K4: =I4/3600 -> 414.7075 | L4: =G4/J4 -> 45.393439 | M4: =G4/K4 -> 84.603968 | N4: =(L4-L5)/L4 -> 0.10276783 | O4: =(M4-M5)/M4 -> 0.003821606 | R4: 2021 | S4: 34.649017 | T4: 55.278488 | U4: 2.849099 | V4: 1.785839 | W4: =U4*277.78 -> 791.42272 | X4: =V4*277.78 -> 496.07036 | Y4: =(S4*W4)/1000 -> 27.422019 | Z4: =(T4*X4)/1000 -> 27.422019
A5: 17.2 | B5: 17.2 | C5: 2022 | E5: 2012 | F5: 1143.75 | G5: =F5*30 -> 34312.5 | H5: 3032892 | I5: 1465639 | J5: =H5/3600 -> 842.47 | K5: =I5/3600 -> 407.12194 | L5: =G5/J5 -> 40.728453 | M5: =G5/K5 -> 84.280645 | N5: =(L5-L6)/L5 -> 0.058825674 | O5: =(M5-M6)/M5 -> 0.076451025 | R5: 2022 | S5: 31.343921 | T5: 54.728194 | U5: 3.052634 | V5: 1.748304 | W5: =U5*277.78 -> 847.96067 | X5: =V5*277.78 -> 485.64389 | Y5: =(S5*W5)/1000 -> 26.578413 | Z5: =(T5*X5)/1000 -> 26.578413
A6: 17.3 | B6: 17.3 | C6: 2023 | E6: 2013 | F6: 1101.56 | G6: =F6*30 -> 33046.8 | H6: 3103587 | I6: 1528425 | J6: =H6/3600 -> 862.1075 | K6: =I6/3600 -> 424.5625 | L6: =G6/J6 -> 38.332575 | M6: =G6/K6 -> 77.837303 | N6: =(L6-L7)/L6 -> 0.037043846 | O6: =(M6-M7)/M6 -> 0.026085441 | R6: 2023 | S6: 32.314319 | T6: 54.370058 | U6: 3.039304 | V6: 1.806381 | W6: =U6*277.78 -> 844.25787 | X6: =V6*277.78 -> 501.77651 | Y6: =(S6*W6)/1000 -> 27.281618 | Z6: =(T6*X6)/1000 -> 27.281618
A7: 17.2 | B7: 17.2 | C7: 2024 | E7: 2014 | F7: 1068.75 | G7: =F7*30 -> 32062.5 | H7: 3126982 | I7: 1522619 | J7: =H7/3600 -> 868.60611 | K7: =I7/3600 -> 422.94972 | L7: =G7/J7 -> 36.912589 | M7: =G7/K7 -> 75.806883 | N7: =(L7-L8)/L7 -> -0.052870103 | O7: =(M7-M8)/M7 -> 0.028856336 | R7: 2024 | S7: =L16*(1-$P$3) -> 31.442756 | T7: =M16*(1-$P$3) -> 52.903621 | U7: 3.27 | V7: 1.74 | W7: =U7*277.78 -> 908.3406 | X7: =V7*277.78 -> 483.3372 | Y7: =(S7*W7)/1000 -> 28.560732 | Z7: =(T7*X7)/1000 -> 25.570288
A8: 17.2 | B8: 23.46 | C8: 2025 | E8: 2015 | F8: 1073.44 | G8: =F8*30 -> 32203.2 | H8: 2982993 | I8: 1574742 | J8: =H8/3600 -> 828.60917 | K8: =I8/3600 -> 437.42833 | L8: =G8/J8 -> 38.864161 | M8: =G8/K8 -> 73.619374 | N8: =(L8-L9)/L8 -> -0.032785921 | O8: =(M8-M9)/M8 -> 0.013608282 | R8: 2025 | S8: =S7*(1-$P$3) -> 30.594701 | T8: =T7*(1-$P$3) -> 51.476735 | U8: 3.4 | V8: 1.65 | W8: =U8*277.78 -> 944.452 | X8: =V8*277.78 -> 458.337 | Y8: =(S8*W8)/1000 -> 28.895226 | Z8: =(T8*X8)/1000 -> 23.593692
A9: 17.3 | B9: 23.46 | C9: 2026 | E9: 2016 | F9: 1092.19 | G9: =F9*30 -> 32765.7 | H9: 2938748 | I9: 1624353 | J9: =H9/3600 -> 816.31889 | K9: =I9/3600 -> 451.20917 | L9: =G9/J9 -> 40.138358 | M9: =G9/K9 -> 72.617541 | N9: =(L9-L10)/L9 -> 0.11909919 | O9: =(M9-M10)/M9 -> 0.052208339 | R9: 2026 | S9: =S8*(1-$P$3) -> 29.769519 | T9: =T8*(1-$P$3) -> 50.088335 | U9: 3.47 | V9: 1.82 | W9: =U9*277.78 -> 963.8966 | X9: =V9*277.78 -> 505.5596 | Y9: =(S9*W9)/1000 -> 28.694738 | Z9: =(T9*X9)/1000 -> 25.322639
A10: 17.6 | B10: 23.46 | C10: 2027 | E10: 2017 | F10: 1021.88 | G10: =F10*30 -> 30656.4 | H10: 3121311 | I10: 1603501 | J10: =H10/3600 -> 867.03083 | K10: =I10/3600 -> 445.41694 | L10: =G10/J10 -> 35.357912 | M10: =G10/K10 -> 68.826299 | N10: =(L10-L11)/L10 -> 0.078801303 | O10: =(M10-M11)/M10 -> 0.023941313 | R10: 2027 | S10: =S9*(1-$P$3) -> 28.966593 | T10: =T9*(1-$P$3) -> 48.737382 | U10: 3.55 | V10: 1.81 | W10: =U10*277.78 -> 986.119 | X10: =V10*277.78 -> 502.7818 | Y10: =(S10*W10)/1000 -> 28.564507 | Z10: =(T10*X10)/1000 -> 24.504269
A11: 17.6 | B11: 23.46 | C11: 2028 | E11: 2018 | F11: 1003.13 | G11: =F11*30 -> 30093.9 | H11: 3326144 | I11: 1612689 | J11: =H11/3600 -> 923.92889 | K11: =I11/3600 -> 447.96917 | L11: =G11/J11 -> 32.571663 | M11: =G11/K11 -> 67.178507 | N11: =(L11-L12)/L11 -> -0.0037320547 | O11: =(M11-M12)/M11 -> 0.039370625 | R11: 2028 | S11: =S10*(1-$P$3) -> 28.185323 | T11: =T10*(1-$P$3) -> 47.422866 | U11: 3.71 | V11: 1.73 | W11: =U11*277.78 -> 1030.5638 | X11: =V11*277.78 -> 480.5594 | Y11: =(S11*W11)/1000 -> 29.046773 | Z11: =(T11*X11)/1000 -> 22.789504
A12: 17.6 | B12: 22.57 | C12: 2029 | E12: 2019 | F12: 970.31 | G12: =F12*30 -> 29109.3 | H12: 3205358 | I12: 1623858 | J12: =H12/3600 -> 890.37722 | K12: =I12/3600 -> 451.07167 | L12: =G12/J12 -> 32.693222 | M12: =G12/K12 -> 64.533648 | N12: =(L12-L13)/L12 -> -0.12156742 | O12: =(M12-M13)/M12 -> 0.063083504 | R12: 2029 | S12: =S11*(1-$P$3) -> 27.425125 | T12: =T11*(1-$P$3) -> 46.143804 | U12: 3.78 | V12: 1.82 | W12: =U12*277.78 -> 1050.0084 | X12: =V12*277.78 -> 505.5596 | Y12: =(S12*W12)/1000 -> 28.796611 | Z12: =(T12*X12)/1000 -> 23.328443
A13: 17.7 | B13: 21.12 | C13: 2030 | E13: 2020 | F13: 960.94 | G13: =F13*30 -> 28828.2 | H13: 2830329 | I13: 1716457 | J13: =H13/3600 -> 786.2025 | K13: =I13/3600 -> 476.79361 | L13: =G13/J13 -> 36.667652 | M13: =G13/K13 -> 60.462639 | N13: =(L13-L14)/L13 -> 0.05505221 | O13: =(M13-M14)/M13 -> 0.085741393 | R13: 2030 | S13: =S12*(1-$P$3) -> 26.68543 | T13: =T12*(1-$P$3) -> 44.89924 | U13: 3.82 | V13: 1.94 | W13: =U13*277.78 -> 1061.1196 | X13: =V13*277.78 -> 538.8932 | Y13: =(S13*W13)/1000 -> 28.316433 | Z13: =(T13*X13)/1000 -> 24.195895
A14: 17.6 | B14: 21.12 | C14: 2031 | E14: 2021 | F14: 914.06 | G14: =F14*30 -> 27421.8 | H14: 2849099 | I14: 1785839 | J14: =H14/3600 -> 791.41639 | K14: =I14/3600 -> 496.06639 | L14: =G14/J14 -> 34.649017 | M14: =G14/K14 -> 55.278488 | N14: =(L14-L15)/L14 -> 0.095387865 | O14: =(M14-M15)/M14 -> 0.0099549471 | R14: 2031 | S14: =S13*(1-$P$3) -> 25.965686 | T14: =T13*(1-$P$3) -> 43.688244 | U14: 3.94 | V14: 1.9 | W14: =U14*277.78 -> 1094.4532 | X14: =V14*277.78 -> 527.782 | Y14: =(S14*W14)/1000 -> 28.418229 | Z14: =(T14*X14)/1000 -> 23.057869
A15: 17.6 | B15: 21.12 | C15: 2032 | E15: 2022 | F15: 885.94 | G15: =F15*30 -> 26578.2 | H15: 3052634 | I15: 1748304 | J15: =H15/3600 -> 847.95389 | K15: =I15/3600 -> 485.64 | L15: =G15/J15 -> 31.343921 | M15: =G15/K15 -> 54.728194 | N15: =(L15-L16)/L15 -> -0.030959687 | O15: =(M15-M16)/M15 -> 0.0065438955 | R15: 2032 | S15: =S14*(1-$P$3) -> 25.265355 | T15: =T14*(1-$P$3) -> 42.509911 | U15: 3.94 | V15: 1.9 | W15: =U15*277.78 -> 1094.4532 | X15: =V15*277.78 -> 527.782 | Y15: =(S15*W15)/1000 -> 27.651749 | Z15: =(T15*X15)/1000 -> 22.435966
A16: 17.48 | B16: 21.12 | C16: 2033 | E16: 2023 | F16: 909.38 | G16: =F16*30 -> 27281.4 | H16: 3039304 | I16: 1806381 | J16: =H16/3600 -> 844.25111 | K16: =I16/3600 -> 501.7725 | L16: =G16/J16 -> 32.314319 | M16: =G16/K16 -> 54.370058 | R16: 2033 | S16: =S15*(1-$P$3) -> 24.583913 | T16: =T15*(1-$P$3) -> 41.363358 | U16: 3.78 | V16: 2.06 | W16: =U16*277.78 -> 1050.0084 | X16: =V16*277.78 -> 572.2268 | Y16: =(S16*W16)/1000 -> 25.813315 | Z16: =(T16*X16)/1000 -> 23.669222
A17: 17.52 | B17: 21.12 | C17: 2034 | R17: 2034 | S17: =S16*(1-$P$3) -> 23.92085 | T17: =T16*(1-$P$3) -> 40.24773 | U17: 3.71 | V17: 2.04 | W17: =U17*277.78 -> 1030.5638 | X17: =V17*277.78 -> 566.6712 | Y17: =(S17*W17)/1000 -> 24.651962 | Z17: =(T17*X17)/1000 -> 22.807229
A18: 17.45 | B18: 19.5 | C18: 2035 | R18: 2035 | S18: =S17*(1-$P$3) -> 23.275671 | T18: =T17*(1-$P$3) -> 39.162192 | U18: 3.63 | V18: 2.05 | W18: =U18*277.78 -> 1008.3414 | X18: =V18*277.78 -> 569.449 | Y18: =(S18*W18)/1000 -> 23.469822 | Z18: =(T18*X18)/1000 -> 22.300871
A19: 17.39 | B19: 16.51 | C19: 2036 | R19: 2036 | S19: =S18*(1-$P$3) -> 22.647893 | T19: =T18*(1-$P$3) -> 38.105932 | U19: 3.55 | V19: 2.05 | W19: =U19*277.78 -> 986.119 | X19: =V19*277.78 -> 569.449 | Y19: =(S19*W19)/1000 -> 22.333518 | Z19: =(T19*X19)/1000 -> 21.699385
A20: 17.63 | B20: 16.51 | C20: 2037 | R20: 2037 | S20: =S19*(1-$P$3) -> 22.037047 | T20: =T19*(1-$P$3) -> 37.078161 | U20: 3.55 | V20: 1.97 | W20: =U20*277.78 -> 986.119 | X20: =V20*277.78 -> 547.2266 | Y20: =(S20*W20)/1000 -> 21.731151 | Z20: =(T20*X20)/1000 -> 20.290156
A21: 17.79 | B21: 16.5 | C21: 2038 | R21: 2038 | S21: =S20*(1-$P$3) -> 21.442677 | T21: =T20*(1-$P$3) -> 36.078111 | U21: 3.47 | V21: 2 | W21: =U21*277.78 -> 963.8966 | X21: =V21*277.78 -> 555.56 | Y21: =(S21*W21)/1000 -> 20.668523 | Z21: =(T21*X21)/1000 -> 20.043555
A22: 17.96 | B22: 16.5 | C22: 2039 | R22: 2039 | S22: =S21*(1-$P$3) -> 20.864338 | T22: =T21*(1-$P$3) -> 35.105033 | U22: 3.39 | V22: 1.97 | W22: =U22*277.78 -> 941.6742 | X22: =V22*277.78 -> 547.2266 | Y22: =(S22*W22)/1000 -> 19.647408 | Z22: =(T22*X22)/1000 -> 19.210408
A23: 18.04 | B23: 14.32 | C23: 2040 | R23: 2040 | S23: =S22*(1-$P$3) -> 20.301597 | T23: =T22*(1-$P$3) -> 34.158201 | U23: 3.31 | V23: 1.9 | W23: =U23*277.78 -> 919.4518 | X23: =V23*277.78 -> 527.782 | Y23: =(S23*W23)/1000 -> 18.66634 | Z23: =(T23*X23)/1000 -> 18.028084
A24: 18.28 | B24: 11.73 | C24: 2041 | R24: 2041 | S24: =S23*(1-$P$3) -> 19.754034 | T24: =T23*(1-$P$3) -> 33.236906 | U24: 2.99 | V24: 2.13 | W24: =U24*277.78 -> 830.5622 | X24: =V24*277.78 -> 591.6714 | Y24: =(S24*W24)/1000 -> 16.406954 | Z24: =(T24*X24)/1000 -> 19.665327
A25: 18.56 | B25: 11.73 | C25: 2042 | R25: 2042 | S25: =S24*(1-$P$3) -> 19.22124 | T25: =T24*(1-$P$3) -> 32.340459 | U25: 2.92 | V25: 2.2 | W25: =U25*277.78 -> 811.1176 | X25: =V25*277.78 -> 611.116 | Y25: =(S25*W25)/1000 -> 15.590686 | Z25: =(T25*X25)/1000 -> 19.763772
A26: 18.93 | B26: 11.73 | C26: 2043 | R26: 2043 | S26: =S25*(1-$P$3) -> 18.702816 | T26: =T25*(1-$P$3) -> 31.468192 | U26: 2.84 | V26: 2.21 | W26: =U26*277.78 -> 788.8952 | X26: =V26*277.78 -> 613.8938 | Y26: =(S26*W26)/1000 -> 14.754562 | Z26: =(T26*X26)/1000 -> 19.318128
A27: 19.25 | B27: 11.69 | C27: 2044 | R27: 2044 | S27: =S26*(1-$P$3) -> 18.198375 | T27: =T26*(1-$P$3) -> 30.61945 | U27: 2.69 | V27: 2.2 | W27: =U27*277.78 -> 747.2282 | X27: =V27*277.78 -> 611.116 | Y27: =(S27*W27)/1000 -> 13.598339 | Z27: =(T27*X27)/1000 -> 18.712036
A28: 19.66 | B28: 8.66 | C28: 2045 | R28: 2045 | S28: =S27*(1-$P$3) -> 17.707539 | T28: =T27*(1-$P$3) -> 29.7936 | U28: 2.52 | V28: 2.37 | W28: =U28*277.78 -> 700.0056 | X28: =V28*277.78 -> 658.3386 | Y28: =(S28*W28)/1000 -> 12.395376 | Z28: =(T28*X28)/1000 -> 19.614277
... A33: 21.64 | B33: 4.73 | C33: 2050 | R33: 2050 | S33: =S32*(1-$P$3) -> 15.444939 | T33: =T32*(1-$P$3) -> 25.986691 | U33: 1.9 | V33: 2.28 | W33: =U33*277.78 -> 527.782 | X33: =V33*277.78 -> 633.3384 | Y33: =(S33*W33)/1000 -> 8.1515608 | Z33: =(T33*X33)/1000 -> 16.458369
Y34: =SUM(Y3:Y33) -> 666.50278 | Z34: =SUM(Z3:Z33) -> 679.73536
